Rank,Player,PlayerID,Overall Rating,Games Played,FvA Rating,GvI Rating,ChangeRank,ChangeGames,ChangeRating,Last Game Date
1,CptMike,79656,325.57127170624744,68,363.7881112496415,227.0120539364417,1,37,36.07094388103974,2017-02-27
2,xorxes,42435,311.5016286415481,49,278.35855705972824,336.358932327913,11,44,134.31150757316408,2017-02-27
3,Djantani,83442,285.6223618136178,40,285.6223618136178,None,-2,7,-10.863489894777729,2017-02-28
4,ghug,37168,265.86464351047675,30,285.12573845265604,220.9220886453917,0,3,24.240873188831443,2017-02-04
5,Peregrine Falcon,51170,265.84158730377317,24,287.1965301928279,159.06687285849966,0,8,25.937066133724755,2017-02-27
6,Ezio,81514,253.10854240948416,55,239.56991819794968,276.8011347796695,-3,11,-19.47214483919251,2017-02-19
7,cspieker,41816,248.5540237961075,66,271.5019236726704,228.2287410482947,5,25,60.238076428957555,2017-02-25
8,svkrIs,83933,239.30463273206664,83,256.99808029446604,187.06683516688744,176,70,139.38176913180507,2017-02-28
9,Balki Bartokomous,70552,227.55787232445167,43,227.55787232445167,None,-3,1,10.11275235000602,2017-02-06
10,genghiz,64274,213.08100279174465,9,213.08100279174465,None,4,2,38.54037951299691,2017-02-28
11,WardenDresden,36385,198.22588009602396,12,198.22588009602396,None,16,6,51.72745370319481,2017-02-25
12,goldfinger0303,28372,194.9902492893315,12,213.71405530258204,101.37121922307897,10,3,38.968058083306715,2017-02-13
13,zultar,33599,193.7246370495262,14,209.87926737676037,96.7968550861213,34,7,64.60824261148781,2017-02-25
14,KangtheConquerer,72696,192.4652038250094,125,222.04158638249547,162.41178283917674,-7,72,-22.948509983087973,2017-03-01
15,brkyzgn,68900,189.88818675837157,33,235.8313585715615,109.48763608528915,24,15,55.56379623032862,2017-02-27
16,Merirosvo,20200,189.3951914706663,6,189.3951914706663,None,-6,0,0.0,2017-01-25
17,slypups,81525,183.1076233141721,15,191.3047042968605,129.82659692669756,6,10,30.900163950396262,2017-02-13
18,principians,28666,182.71102252002132,16,212.74129388910305,132.6605702382184,-9,1,-7.998339296266408,2017-02-13
19,yassem,41088,179.9647727295421,61,139.54067278933826,224.570676111836,324,49,104.69287026263699,2017-02-23
20,Thirdfain,478,178.95921047111725,46,177.72594786572998,180.5624518581207,New Entry,New Entry,New Entry,2017-02-28
21,Devonian,24341,175.35293920186692,13,188.46355923235973,103.24452903415632,-10,1,-13.441136411642333,2017-02-03
22,Jeff Kuta,63124,174.9417483937968,66,207.66762804931037,135.6706928071805,-14,32,-37.09687263193169,2017-02-28
23,QuackkAttackk,82845,173.01671276273922,12,178.20005028662462,116.0,-8,0,0.0,2017-01-29
24,VillageIdiot,44663,171.7921306043803,9,192.88312555099742,97.97364829122044,4,5,25.537916725600383,2017-02-24
25,captainmeme,41379,171.61534640314275,10,177.6104669521601,117.65926146198677,-9,0,0.0,2017-01-19
26,WiseJazzer,80111,170.0847773960476,9,170.0847773960476,None,61,8,54.0847773960476,2017-02-24
27,Wadatumi,83311,168.8842166732836,40,168.59147450827427,169.32332992079756,-2,14,20.918178671405258,2017-02-28
28,peaceinourtime,53717,166.63282324240726,232,111.8536334968739,213.52380966458384,-11,65,-3.9060380582599237,2017-02-28
29,tektelmektel,22595,165.87924015796418,11,170.76167723408648,117.0548693967412,3,4,24.942232085512956,2017-02-21
30,SantaClausowitz,2497,163.92433890215048,36,165.1417929642873,121.313446727362,23,7,36.86027956606813,2017-02-21
31,uclabb,5775,161.32867195028933,4,161.32867195028933,None,-5,1,14.518614917785953,2017-02-02
32,breaca,62512,157.81162105718667,18,157.81162105718667,None,-12,0,0.0,2017-01-17
33,christobl,81156,155.54173168145263,19,154.5862896352302,159.12463935478672,-14,1,-9.749665719632333,2017-02-01
34,MarcosAzevedo,83236,154.6822545709414,19,117.06937238939642,188.53384853433195,-3,7,13.425833730765845,2017-02-24
35,rdrivera2005,16691,154.60992455200707,9,154.60992455200707,None,-14,4,-2.493621205897398,2017-02-03
36,Vallk,56746,154.43641292431366,37,168.90107473589498,130.67303994814435,106,24,45.71536009058842,2017-02-26
37,michaelf77,62430,154.2167442234769,51,109.23115900263123,188.3437399082564,New Entry,New Entry,New Entry,2017-02-18
38,MrcsAurelius,37025,152.6811728165552,10,152.6811728165552,None,14,2,25.524199279075944,2017-02-23
39,Nealkochhar,83727,152.00883474290382,150,163.42330404372336,127.75308747866225,16,81,26.478264079564838,2017-02-27
40,Hapapop,63771,151.9958382501485,15,126.93521516888246,173.92388344625627,114,13,49.65386505776817,2017-02-28
41,FriendlyAlly,50629,147.5423901519101,23,156.6890707840397,86.56451927104615,-17,1,-4.103809561366091,2017-02-02
42,MarkDalton,82209,146.45470099012098,6,146.4112632703485,146.49813870989345,0,2,14.595768880449697,2017-02-13
43,SplitDiplomat,36887,143.64510902066937,24,174.43163444241873,68.87783299642095,-9,16,5.296499674023551,2017-02-22
44,Matticus13,76139,143.51639765491257,10,143.51639765491257,None,21,4,25.895802356808304,2017-02-25
45,00matthew2000,65104,142.30254117294928,12,119.2718697985699,174.54548109708037,117,6,41.56085140554134,2017-02-27
46,AlexNesta,19901,139.6059773825716,7,142.91408541153135,131.33570731017224,2,1,10.846647971824495,2017-02-11
47,Ayreon,21834,139.59798623351605,9,139.59798623351605,None,-14,0,0.0,2017-01-14
48,webdiplomacy76,83633,137.8143412501696,16,119.75771663482952,151.85838261765633,186,9,51.36758194999007,2017-02-22
49,NoFog,38917,137.11435934313147,9,143.92151467843667,82.65711666068998,-13,0,0.0,2017-01-26
50,Halls of Mandos,72731,136.51804884511404,7,136.51804884511404,None,257,5,52.673947911307465,2017-02-20
51,bozotheclown,11401,134.68681856185873,9,127.65738174170863,148.74569220215886,-13,0,0.0,2017-01-22
52,derBleede,63095,134.02141229285942,10,144.61055948862585,118.13769149920977,7,3,12.445652084721289,2017-02-16
53,Valis2501,63487,133.45157142388808,13,139.667549281599,99.26369320647801,-8,4,3.533038557031375,2017-02-25
54,Hellenic Riot,23172,133.3361665988302,15,133.3361665988302,None,-36,2,-32.91869753670679,2017-02-21
55,ThorondorNL,81761,133.25998939572997,17,133.25998939572997,None,-15,0,0.0,2017-01-27
56,flash2015,75587,132.48432880454538,2,132.48432880454538,None,13,1,15.204908740257196,2017-02-04
57,dagabs0,54191,132.4068169669385,8,134.75064796221542,116.0,-22,4,-5.5757958595849,2017-02-10
58,rup,42258,131.98266516633763,7,131.98266516633763,None,83,2,23.09817267740523,2017-02-27
59,Berkut,51019,131.58377413600738,29,129.28898716298653,136.68330074272035,72,9,19.081211953805408,2017-02-22
60,ali2542,51841,131.49444519471754,2,131.49444519471754,None,New Entry,New Entry,New Entry,2017-02-26
61,billstrong,75562,131.263693206478,2,None,131.263693206478,33,1,15.263693206477996,2017-02-06
62,rbates3,77206,131.263693206478,2,None,131.263693206478,34,1,15.263693206477996,2017-02-01
63,Manwe Sulimo,71617,130.87764639799295,2,None,130.87764639799295,19,1,14.877646397992947,2017-02-10
64,Cptn.bigcox,83745,130.7579870559668,8,129.58051743388776,131.93545667804582,146,5,36.785385170849466,2017-02-27
65,Kakarroto,81900,130.33904871533503,7,130.33904871533503,None,70,3,19.750613284507835,2017-02-08
66,Kugs,81684,129.47858867381947,11,119.31741629117414,137.9462323260239,-10,2,5.206377879854159,2017-02-21
67,mace,31855,127.34464223653717,14,136.58019523963702,71.93132421793804,128,7,28.147672753181453,2017-02-22
68,Jimmy48,74793,126.90844527042277,5,124.4937431366883,130.53049847102452,-14,0,0.0,2017-01-20
69,WolfsBane626,81562,126.65872169572222,11,132.58288207254938,100.0,152,3,37.258875469455745,2017-02-11
70,Yonni,33239,126.617395057474,10,140.55518013769276,70.86625473659896,173,3,41.61175860210972,2017-02-24
71,pjmansfield99,20635,125.82420157738846,16,125.82420157738846,None,310,8,73.35980585418756,2017-02-15
72,Chaqa,30476,124.92179910711886,16,127.7265647442595,105.28843964713428,294,9,58.686626829930645,2017-02-23
73,Fluminator,59788,124.41479374760199,8,124.41479374760199,None,88,4,23.395926965087753,2017-02-12
74,twinsnation,46705,123.44272355693622,36,80.81447489518824,161.5837881490265,-44,3,-18.63022659970065,2017-02-14
75,AgentM,76783,123.06962697572051,10,123.06962697572051,None,-26,2,-5.167063956994227,2017-02-01
76,WolfpackCorey,82186,123.02603715682426,5,89.59363259534756,131.38413829719343,60,1,12.677671479548081,2017-02-25
77,djnogueira,83750,122.40315152877993,3,122.40315152877994,None,New Entry,New Entry,New Entry,2017-02-12
78,Bigdbass,76231,122.27658302296193,1,122.27658302296193,None,-20,0,0.0,2017-01-15
79,josemurc,17667,121.89720824908227,7,117.86962475716348,131.96616697887927,-13,3,4.422777787578866,2017-02-23
80,Franz_o_Sissy,80222,121.37534242587863,3,121.37534242587864,None,-20,0,0.0,2017-01-18
81,teflon,13430,121.36753256695927,8,121.36753256695927,None,-38,4,-9.957601451775659,2017-02-24
82,Eeehlrw,76321,121.34169507716759,6,100.29331009954237,131.86588756598022,-32,1,-6.620340355737085,2017-02-09
83,Buzzle,41769,121.31425781042776,1,121.31425781042776,None,-22,0,0.0,2017-01-26
84,Tantrum,72322,120.97560902660314,10,146.7077696543276,95.24344839887867,62,7,14.184228082538098,2017-02-16
85,ChitinKitin,73886,120.94893500878183,5,130.53049847102452,114.56122603395337,108,3,21.68524180230382,2017-02-04
86,Hu&iacute;n,79174,119.98095368387571,6,130.02313120692463,99.89659863777788,-35,1,-7.237551281663997,2017-02-08
87,mscott,29159,118.9915871770453,4,118.9915871770453,None,42,3,6.2364015673783655,2017-02-22
88,y2kjbk,46594,118.69533069842106,8,118.69533069842106,None,-59,4,-25.107762967747504,2017-02-23
89,laughinghyena,84517,118.09941112943335,1,None,118.09941112943335,New Entry,New Entry,New Entry,2017-02-25
90,NoRed,67789,118.03446609114172,3,86.76389628799586,133.66975099271465,New Entry,New Entry,New Entry,2017-02-17
91,Smokey Gem,71301,117.91264517216413,1,117.91264517216413,None,-27,0,0.0,2017-01-08
92,wpfieps,36975,117.43587287827629,1,117.43587287827629,None,-25,0,0.0,2017-01-05
93,Javkrisz,83910,117.40237364840603,1,117.40237364840603,None,New Entry,New Entry,New Entry,2017-02-02
94,Zybodia,22224,117.37150746125694,5,117.37150746125695,None,62,3,15.270090552161747,2017-02-24
95,Rancher,28079,117.28256716495028,1,117.28256716495028,None,-27,0,0.0,2017-01-18
96,Sflgators15,82279,117.05348992492378,4,116.0,117.4046532332317,-26,0,0.0,2017-01-16
97,TheGoffy,74578,116.73630679352199,1,None,116.73630679352199,-25,0,0.0,2017-01-05
98,mexicamando1,73064,116.73630679352199,1,116.73630679352199,None,-25,0,0.0,2017-01-29
99,potatoinmymouth,71683,116.71793643913814,2,116.0,117.43587287827629,New Entry,New Entry,New Entry,2017-02-20
100,Lmiles17,83612,116.36959020653471,2,116.0,116.73918041306942,New Entry,New Entry,New Entry,2017-02-01
101,WHSeward,84035,116.36815339676099,2,116.0,116.73630679352199,New Entry,New Entry,New Entry,2017-02-03
102,Commander Thomas ,5497,116.21160037676106,3,84.70246717252463,131.96616697887927,-23,0,0.0,2017-01-10
103,hanktkhePO2,82808,116.06765914048027,3,None,116.06765914048027,-23,0,0.0,2017-01-12
104,denis,16673,116.04573937337807,27,117.62098368232891,112.89525075547634,97,8,18.654277344016563,2017-02-26
105,mlacek101,84624,116.0,2,None,116.0,New Entry,New Entry,New Entry,2017-02-25
106,Yudansha,83833,116.0,1,None,116.0,New Entry,New Entry,New Entry,2017-02-26
107,knanners,67576,116.0,1,116.0,None,-24,0,0.0,2017-01-08
108,Germanyman13,76664,116.0,2,116.0,116.0,-24,1,0.0,2017-02-02
109,Blackfyre Loyalist,83235,116.0,1,None,116.0,-24,0,0.0,2016-12-31
110,dunjic,80506,116.0,1,116.0,None,-24,0,0.0,2016-12-30
111,Chairman Woo,67496,116.0,1,116.0,None,New Entry,New Entry,New Entry,2017-02-07
112,pi3,72242,116.0,1,None,116.0,New Entry,New Entry,New Entry,2017-02-12
113,cb6000,69206,116.0,1,None,116.0,-25,0,0.0,2017-01-05
114,Gocki,76654,116.0,1,None,116.0,New Entry,New Entry,New Entry,2017-02-08
115,rm63,59402,116.0,1,116.0,None,-26,0,0.0,2017-01-10
116,LeMilanche,81096,116.0,1,None,116.0,-26,0,0.0,2017-01-03
117,Tn_v,84478,116.0,1,None,116.0,New Entry,New Entry,New Entry,2017-02-27
118,brooket,84521,116.0,1,None,116.0,New Entry,New Entry,New Entry,2017-02-27
119,Romanooo,79897,116.0,1,None,116.0,New Entry,New Entry,New Entry,2017-02-19
120,thisisforwhap,68810,116.0,1,116.0,None,-29,0,0.0,2017-01-07
121,Stonepawz,77485,116.0,2,116.0,116.0,-29,0,0.0,2017-01-27
122,CyberBomberXV11,84183,116.0,1,116.0,None,New Entry,New Entry,New Entry,2017-02-20
123,Conzocool,71837,116.0,1,None,116.0,-30,0,0.0,2016-12-31
124,creepicrawlies,83861,116.0,1,116.0,None,-29,0,0.0,2017-01-24
125,ciscoalcatel,80682,116.0,1,None,116.0,New Entry,New Entry,New Entry,2017-02-08
126,Praetorian308,23468,116.0,2,116.0,116.0,-29,0,0.0,2017-01-07
127,Fylkir,76404,116.0,1,116.0,None,-29,0,0.0,2017-01-01
128,KeyboardFire,74924,116.0,3,116.0,116.0,New Entry,New Entry,New Entry,2017-02-19
129,pulni,83399,116.0,1,None,116.0,-30,0,0.0,2017-01-04
130,Bessie,84101,116.0,1,None,116.0,New Entry,New Entry,New Entry,2017-02-05
131,BioHazard89,67887,116.0,1,None,116.0,-31,0,0.0,2017-01-27
132,Klaelman23,45317,116.0,1,116.0,None,-31,0,0.0,2016-12-30
133,W114,84358,116.0,1,116.0,None,New Entry,New Entry,New Entry,2017-02-20
134,Darsh,27556,116.0,1,116.0,None,-32,0,0.0,2017-01-03
135,SirThursday,59544,116.0,1,None,116.0,New Entry,New Entry,New Entry,2017-02-24
136,Tropical Interdimensional,78861,116.0,1,None,116.0,-33,0,0.0,2016-12-30
137,simon687,83968,116.0,1,116.0,None,-33,0,0.0,2017-01-28
138,V5,73638,116.0,1,116.0,None,-32,0,0.0,2017-01-01
139,Yegghel_23,82899,115.9844466129375,1,115.9844466129375,None,-32,0,0.0,2017-01-16
140,glo2018,79356,115.9458145848754,20,115.93947547823832,116.06625761097995,-77,8,-2.616860812217112,2017-02-22
141,orangey,83816,115.75456440215935,3,116.0,115.26369320647801,2,1,8.122717798920334,2017-02-25
142,Carcharodon carcharias,74108,115.62910984857915,1,None,115.62910984857915,New Entry,New Entry,New Entry,2017-02-25
143,Miguel1612,67676,115.59775939244402,7,115.59775939244402,None,51,1,16.342588005148258,2017-02-19
144,jengamaster,63144,115.3579616827903,1,115.3579616827903,None,-34,0,0.0,2017-01-29
145,AnxiousDolphin,78102,115.33116450054212,1,None,115.33116450054212,New Entry,New Entry,New Entry,2017-02-08
146,CleverUsername4321,66395,115.29685820263495,1,115.29685820263495,None,-35,0,0.0,2017-01-18
147,Sparhawk26,77051,115.24068361216568,1,115.24068361216568,None,-34,0,0.0,2017-01-30
148,personian,23962,115.16651450180017,1,115.16651450180017,None,-34,0,0.0,2017-01-27
149,aoeu,83613,114.75567774268113,1,114.75567774268113,None,-34,0,0.0,2017-01-19
150,capitacom,30859,114.68231337542088,2,116.0,113.36462675084174,New Entry,New Entry,New Entry,2017-02-10
151,Mercy,45552,114.66584133539163,3,114.66584133539163,None,-35,0,0.0,2017-01-25
152,damian,8938,114.65775087789243,7,114.65775087789243,None,-75,4,-1.978299914036441,2017-02-21
153,chairman meow,81541,114.57100172729227,4,129.14200345458454,100.0,-36,0,0.0,2017-01-25
154,cowan98,84185,114.56412712172371,1,114.56412712172371,None,New Entry,New Entry,New Entry,2017-02-10
155,butterhead,28721,114.56412712172371,1,None,114.56412712172371,-37,0,0.0,2017-01-02
156,lehobbitbelge,38902,114.5310958218608,1,114.5310958218608,None,-35,0,0.0,2017-01-21
157,johnobrn30,74441,114.38160816548105,9,97.87974407410177,147.38533634823966,-49,5,-1.1279351615841051,2017-02-17
158,udvarid,17734,114.25609533067531,1,114.25609533067531,None,New Entry,New Entry,New Entry,2017-02-18
159,Maluco Rasta,74831,114.24432787220798,1,114.24432787220798,None,-37,0,0.0,2017-01-18
160,SEcki,18993,114.23326385079089,1,None,114.23326385079089,-37,0,0.0,2017-01-14
161,Princess Bongonoke,83380,113.83548141531801,1,113.83548141531801,None,-36,0,0.0,2017-01-07
162,Tazo101,54501,113.82782032820171,3,None,113.82782032820171,New Entry,New Entry,New Entry,2017-02-18
163,R-north,81309,113.47078906322213,5,116.79348319011521,108.48674787288249,-92,1,-3.4982994384484556,2017-02-18
164,leon1122,58355,113.46456238716888,1,None,113.46456238716888,-38,0,0.0,2017-01-25
165,woody,28803,113.16745105334437,1,113.16745105334437,None,-37,0,0.0,2017-01-07
166,WiJaMa,81962,111.97239222808666,3,111.97239222808666,None,34,1,14.247162064870182,2017-02-09
167,The Czech,17724,111.77000472114275,6,131.51968190271435,101.89516613035697,-34,0,0.0,2017-01-17
168,apathetec,69774,111.51736326784987,4,83.4327289193051,120.87890805069812,-34,0,0.0,2017-01-27
169,peterwiggin,2547,111.1902840052738,8,122.51902457230827,92.30904972688302,46,2,19.425995373798173,2017-02-03
170,Pluglife,80600,110.85288553603294,3,119.87200639704508,92.81464381400866,-108,1,-9.01912086101214,2017-02-20
171,SS DaBomB,47803,110.29144030965352,11,142.76381513136317,71.32459052360196,139,9,26.715337974234416,2017-02-24
172,Just_L,83268,110.27063683526723,4,116.68834733907151,91.0175053238544,-131,2,-21.97075314124578,2017-02-16
173,Lando Calrissian,19131,109.98750341393588,8,109.98750341393588,None,-5,4,9.968484056331661,2017-02-19
174,gordonpup,9016,109.3885078009137,5,99.9873871023576,115.65592159995111,-36,0,0.0,2017-01-13
175,Ct-21-0408,83952,109.08249180259024,3,105.62373770388535,116.0,-35,0,0.0,2017-01-28
176,Gen. Lee,46077,108.87995417169438,5,99.26369320647801,115.29079481517195,-64,1,-6.383739034783616,2017-02-19
177,GaryLee,68621,108.63570861925407,9,108.63570861925407,None,-140,3,-26.213401838603545,2017-02-10
178,Nirvana,70142,108.0,2,116.0,100.0,New Entry,New Entry,New Entry,2017-02-24
179,Durga,69557,107.53420152865874,2,107.53420152865874,None,-104,1,-9.137581044194178,2017-02-04
180,Captain Hook,81383,107.33975302866142,7,121.40900344529956,96.7878152161828,-36,0,0.0,2017-01-31
181,y33t,84511,107.23940531638384,3,116.0,102.85910797457575,New Entry,New Entry,New Entry,2017-02-24
182,Dom Touche,25367,106.23789079159661,2,100.24925047290886,112.22653111028437,-35,0,0.0,2017-01-30
183,LachStyle,82287,106.16575956336104,5,130.33891601691775,90.05032192765655,New Entry,New Entry,New Entry,2017-02-16
184,IceKingCold,76324,105.96461152069435,23,126.23683041917607,87.38174419708609,30,11,13.633226511526743,2017-02-26
185,Juanbo,76677,105.82420452901465,3,100.73630679352199,116.0,-37,0,0.0,2017-01-12
186,bwtcf,84058,105.67657479471524,8,115.00222969035681,100.0811818573303,New Entry,New Entry,New Entry,2017-02-24
187,pasquaaa,75273,105.57538645978563,9,127.21071835736984,88.26712094171825,New Entry,New Entry,New Entry,2017-02-26
188,Sir Toto Drake,63007,105.57179782126745,3,116.72162510085458,99.99688418147389,-110,1,-10.789014729159831,2017-02-27
189,MylesP14,60370,105.35005577872201,9,105.35005577872201,None,-143,5,-24.53261689423502,2017-02-25
190,F-Breeze,84073,105.33333333333333,3,100.0,116.0,New Entry,New Entry,New Entry,2017-02-14
191,Parth,64338,105.2720762043243,3,99.90811430648645,116.0,New Entry,New Entry,New Entry,2017-02-23
192,thatwasawkward,23496,105.07117404188494,8,79.37486124011276,130.76748684365714,15,1,10.510787749998357,2017-02-05
193,Farka,67825,104.84246213765202,3,99.26369320647801,116.0,-44,0,0.0,2017-01-29
194,Garagenpunk,76340,104.03567215170057,13,100.43845934909359,116.02638149372378,-118,3,-12.62917696995629,2017-02-07
195,Espi,66823,103.66363603650713,11,105.62999964015785,84.0,22,5,12.387813441855897,2017-02-15
196,sandyshu47,56199,103.58715818889833,4,133.6955249833054,73.47879139449125,30,1,15.084989313681888,2017-02-09
197,_GatMV_,76315,103.51415486921093,3,116.0,97.27123230381639,-47,0,0.0,2017-01-23
198,ishirkmywork,68934,103.49637994333983,2,120.89139870198589,86.10136118469377,-47,0,0.0,2017-01-17
199,joseph52,78239,103.47265588469516,3,84.0,113.20898382704273,New Entry,New Entry,New Entry,2017-02-18
200,Middelfart,69523,103.15955002917144,1,None,103.15955002917144,New Entry,New Entry,New Entry,2017-02-11
201,AlshonWasFramed,83292,103.14313091965376,7,98.53049847102452,104.98818389910542,New Entry,New Entry,New Entry,2017-02-27
202,ckroberts,40293,102.95592456088873,7,105.98688868526304,84.77013981464273,-63,3,-6.2572269784322145,2017-02-12
203,Moiraine Sedai,83031,102.76415192641294,3,96.53129779694079,115.22986018535727,-51,0,0.0,2017-01-11
204,Nodnyl,50312,102.6758286118309,8,112.54268785094679,86.23106321330437,5,1,8.590199092000773,2017-02-01
205,Pepedbb3,83864,102.42748784436037,1,102.42748784436037,None,-52,0,0.0,2017-01-25
206,too tall jones,52308,102.28532198826298,4,104.60447699764671,99.96616697887926,-51,0,0.0,2017-01-26
207,NoMoreWar,84104,101.77034149401725,3,110.94752165507134,83.41598117190902,New Entry,New Entry,New Entry,2017-02-16
208,PoweredByGinger,83238,101.54713233762519,11,96.406595921282,115.2552294478737,-43,4,1.248351398946383,2017-02-15
209,Korba,47658,101.46950152897548,2,101.46950152897548,None,New Entry,New Entry,New Entry,2017-02-21
210,xpedior,31495,101.25388832555927,2,86.52818926128053,115.97958738983803,New Entry,New Entry,New Entry,2017-02-03
211,dave13543,75240,101.17639090934544,1,101.17639090934544,None,New Entry,New Entry,New Entry,2017-02-12
212,NoMatter,80558,101.11605339214363,40,128.88714413249036,63.54340121402744,-7,19,5.865210526556609,2017-02-27
213,Nathan327,77053,100.73786500667333,1,100.73786500667333,None,-50,0,0.0,2017-01-10
214,GKANAAN,80681,100.73630679352199,2,None,100.73630679352199,New Entry,New Entry,New Entry,2017-02-16
215,Luke Cage,82439,100.73630679352199,2,100.73630679352199,None,-51,0,0.0,2016-12-30
216,Rherock5,82793,100.73599473869074,2,100.73599473869074,None,101,1,17.506134553333467,2017-02-03
217,LoSmeriglio,65172,100.61712051195192,2,100.61712051195192,None,39,1,15.970208641856658,2017-02-04
218,Claesar,74492,100.4663454324927,7,100.4663454324927,None,23,4,15.132186767884335,2017-02-25
219,Nynzal,82446,100.3028904815157,6,100.3028904815157,None,-34,4,0.497688621842002,2017-02-26
220,qoou,6047,100.10663645494974,5,69.64283302011954,120.41583874483655,-54,0,0.0,2017-01-27
221,Cirno,69951,100.0,2,None,100.0,-52,0,0.0,2017-01-27
222,DeamonD213,83655,100.0,1,100.0,None,-52,0,0.0,2017-01-13
223,xigema,73698,100.0,1,100.0,None,New Entry,New Entry,New Entry,2017-02-14
224,thesupreme,44768,100.0,1,None,100.0,-52,0,0.0,2017-01-16
225,Pimpim,67627,100.0,2,84.0,116.0,-52,0,0.0,2017-01-05
226,Dax18,77710,100.0,2,84.0,116.0,New Entry,New Entry,New Entry,2017-02-24
227,Zmaj,43830,100.0,1,100.0,None,-53,0,0.0,2016-12-30
228,StackelbergFollower,45751,100.0,1,100.0,None,New Entry,New Entry,New Entry,2017-02-06
229,Luciper,77233,100.0,1,100.0,None,-54,0,0.0,2017-01-14
230,DaRealChanoOn76th,83919,100.0,1,None,100.0,-54,0,0.0,2017-01-26
231,AlexTheGreat43,83917,100.0,1,None,100.0,-54,0,0.0,2017-01-26
232,TaylinB,84417,100.0,2,116.0,84.0,New Entry,New Entry,New Entry,2017-02-24
233,Tyler Perry's Madea Plays Webd,49740,100.0,1,None,100.0,-55,0,0.0,2017-01-13
234,Gerry,46521,100.0,1,100.0,None,-55,0,0.0,2017-01-01
235,Goody84,83609,100.0,1,100.0,None,New Entry,New Entry,New Entry,2017-02-19
236,DarkQuark,57918,100.0,2,100.0,100.0,New Entry,New Entry,New Entry,2017-02-19
237,ironregime,27327,100.0,1,100.0,None,New Entry,New Entry,New Entry,2017-02-13
238,Leorarity,80277,100.0,1,100.0,None,New Entry,New Entry,New Entry,2017-02-07
239,Burningsteel,80954,100.0,1,100.0,None,New Entry,New Entry,New Entry,2017-02-13
240,Limni,45810,100.0,1,None,100.0,New Entry,New Entry,New Entry,2017-02-28
241,Septon_Barth,83335,100.0,2,116.0,84.0,-61,0,0.0,2017-01-10
242,Eireforceone,84682,100.0,1,None,100.0,New Entry,New Entry,New Entry,2017-02-28
243,sw3dg!n,80469,100.0,2,116.0,84.0,-62,0,0.0,2017-01-05
244,Revildo,84268,100.0,1,None,100.0,New Entry,New Entry,New Entry,2017-02-15
245,RyanPorts,78675,100.0,2,84.0,116.0,-140,1,-16.0,2017-02-20
246,64juricic,83666,100.0,1,None,100.0,-64,0,0.0,2017-01-13
247,kascal,75880,100.0,1,100.0,None,-64,0,0.0,2017-01-14
248,Friendly Sword,6542,100.0,1,100.0,None,New Entry,New Entry,New Entry,2017-02-06
249,Frothly,83524,99.93536903080174,2,None,99.93536903080174,-175,1,-16.768656652174883,2017-02-02
250,istarmaglor,84152,99.92899794497487,2,83.85799588994972,116.0,New Entry,New Entry,New Entry,2017-02-18
251,BurntAlmond,82653,99.7444108958964,1,99.7444108958964,None,-65,0,0.0,2017-01-09
252,HouseOfWhore,80975,99.63184660323901,2,115.26369320647801,84.0,New Entry,New Entry,New Entry,2017-02-27
253,MichiganMan,28108,99.45882136716324,2,99.45882136716324,None,-66,0,0.0,2017-01-11
254,KaivonS,84362,99.3672641980246,2,116.0,82.7345283960492,New Entry,New Entry,New Entry,2017-02-22
255,Orangesherbert,62875,99.29945707174265,5,93.50844220940819,122.46351652108052,New Entry,New Entry,New Entry,2017-02-26
256,Tornado1555,80709,99.29901643638027,1,None,99.29901643638027,-67,0,0.0,2017-01-07
257,Chinaman Cowboy,68903,99.26524798202078,1,None,99.26524798202078,-67,0,0.0,2017-01-07
258,i7evil,63529,99.26369320647801,2,99.26369320647801,None,-67,0,0.0,2017-01-04
259,VM12345,83310,99.26369320647801,2,None,99.26369320647801,-67,0,0.0,2017-01-06
260,Rhinos,58143,99.18657428878882,2,None,99.18657428878882,-64,0,0.0,2017-01-15
261,WyattS14,78893,99.18090716628815,2,114.3618143325763,84.0,-64,0,0.0,2017-01-19
262,Buddy9000,81944,98.95983953713453,1,98.95983953713453,None,-64,0,0.0,2017-01-21
263,yoak,75917,98.94965538179342,6,98.94965538179342,None,102,2,32.55464020275211,2017-02-05
264,jms1234,84381,98.92366331820219,4,120.40253759898198,91.76403855794227,New Entry,New Entry,New Entry,2017-02-28
265,Culle,27199,98.57608489853007,7,101.00543238161842,84.0,-66,0,0.0,2017-01-27
266,Daman,48548,98.53049847102452,2,98.53049847102452,None,New Entry,New Entry,New Entry,2017-02-21
267,brewdog,82665,98.52614039959053,4,98.52614039959053,None,-186,1,-17.506134553333467,2017-02-03
268,JEccles,14128,98.52069017740655,9,98.52069017740655,None,62,3,16.926949747001558,2017-02-28
269,bo_sox48,38739,98.3526426202173,8,98.3526426202173,None,-160,3,-17.01731006977039,2017-02-26
270,TrPrado,61599,97.57994193447793,6,97.57994193447793,None,-143,1,-15.817486911761975,2017-02-04
271,dogmurph,81591,97.41612708103541,14,83.59645193365085,131.9653149494968,-27,3,12.411763067261958,2017-02-26
272,SirKenneth,83421,95.8804900768252,3,84.70246717252463,101.46950152897548,-69,0,0.0,2017-01-18
273,Jon65,47860,95.64909664223288,5,84.0,98.56137080279109,-69,0,0.0,2017-01-09
274,KyleFC,22676,95.51684041977612,16,77.66664583460236,125.26716472839902,-217,3,-27.307010645370113,2017-02-16
275,Autobahn Bisquick,82258,95.1647602811915,3,82.68953354676245,101.40237364840603,-87,1,-4.180006492189719,2017-02-08
276,marze1992,80309,95.13273689236975,4,88.17698252315967,116.0,-70,0,0.0,2017-01-08
277,ZS,68689,94.88542611082373,5,95.76046446229417,94.30206720984343,-14,1,10.601383952926597,2017-02-05
278,AutumnFallen,82144,93.65806791581251,2,100.0,87.31613583162502,-67,0,0.0,2017-01-11
279,kramerkov18,48969,93.3694913744293,8,115.77198145761976,70.96700129123884,-67,0,0.0,2017-01-21
280,Calculus,78174,92.91133316992764,25,89.7631695808239,95.8173303291003,-135,11,-14.356819083997948,2017-02-26
281,fstorehaug,84108,92.3161356912906,3,92.3161356912906,None,New Entry,New Entry,New Entry,2017-02-20
282,Stans8,67970,92.23729507715163,8,79.28205054770685,113.82936929289292,-163,2,-22.322103055494168,2017-02-26
283,Traugott,83327,92.21454945320967,7,101.03187511594398,70.17123529637391,-46,2,6.576006806516929,2017-02-08
284,Camholl94,79807,92.0,2,84.0,100.0,New Entry,New Entry,New Entry,2017-02-24
285,Runeslave123,67851,91.97841500492135,5,100.73630679352199,86.13982047918759,62,2,18.176815896019477,2017-02-03
286,tangzhonghe,13491,91.59854643648191,2,83.21849089686009,99.97860197610373,New Entry,New Entry,New Entry,2017-02-01
287,cardboardbox,73687,91.57569708357643,1,91.57569708357643,None,New Entry,New Entry,New Entry,2017-02-27
288,LeonWalras,54996,91.23746571240767,2,99.26369320647801,83.21123821833731,-70,0,0.0,2017-01-21
289,Heitaum,82698,90.82341622904278,1,90.82341622904278,None,-70,0,0.0,2017-01-26
290,winterspice,78422,90.73511820169696,5,84.06765914048027,100.73630679352199,-26,1,6.684373846336754,2017-02-19
291,trstno1,84054,90.72271994918788,7,92.41576775521227,88.46532287448866,New Entry,New Entry,New Entry,2017-02-20
292,SuperSteve,36769,90.43281161858769,1,90.43281161858769,None,New Entry,New Entry,New Entry,2017-02-03
293,whaskell,41053,90.3415698247082,7,92.94460146189215,86.87086097512962,New Entry,New Entry,New Entry,2017-02-20
294,jonathancox76,83746,90.26992768643852,6,101.37106195941764,68.06765914048027,New Entry,New Entry,New Entry,2017-02-24
295,svenubl,73485,90.15894462737155,1,90.15894462737155,None,New Entry,New Entry,New Entry,2017-02-25
296,sijac20,83688,89.93866395422782,1,None,89.93866395422782,New Entry,New Entry,New Entry,2017-02-11
297,taylor4,29473,89.90107138460262,2,93.05263526014306,86.74950750906217,New Entry,New Entry,New Entry,2017-02-18
298,ECLUD.irb,84562,89.77125127904944,1,89.77125127904944,None,New Entry,New Entry,New Entry,2017-02-27
299,tchung,73087,89.56023281502968,3,76.01820290028935,116.64429264451034,-77,2,0.34515988336309533,2017-02-03
300,KANG_Sev,70601,89.45203782636082,2,86.68303260988093,92.22104304284073,New Entry,New Entry,New Entry,2017-02-19
301,Tutti,66729,89.41312563504312,8,89.41312563504312,None,30,3,8.365116900017853,2017-02-22
302,jrj5423,84581,89.33955061597784,1,89.33955061597784,None,New Entry,New Entry,New Entry,2017-02-27
303,Sealius,71276,89.23878125406446,1,89.23878125406446,None,New Entry,New Entry,New Entry,2017-02-03
304,hbbribri5,81157,89.15036029546162,1,89.15036029546162,None,-81,0,0.0,2017-01-18
305,NotForChildren,84540,88.9440411489501,1,88.9440411489501,None,New Entry,New Entry,New Entry,2017-03-01
306,Werner,9781,88.70439906667886,1,None,88.70439906667886,-82,0,0.0,2017-01-24
307,David van der Vorm,83656,88.55859443385414,2,88.55859443385414,None,-136,1,-11.44140556614586,2017-02-22
308,A_Tin_Can,54909,88.55781737997005,3,None,88.55781737997005,-83,0,0.0,2017-01-24
309,Lord JTAL,74849,88.0590874574097,1,88.0590874574097,None,-82,0,0.0,2017-01-27
310,KOM?AD USHA?KA,83159,87.91509966645037,6,87.91509966645037,None,-151,2,-13.836823795736052,2017-02-13
311,pnicklas613,42717,87.74879424489612,1,87.74879424489612,None,-83,0,0.0,2017-01-31
312,Kessaru,74391,87.67390873080797,2,89.2809450567146,86.06687240490135,-83,0,0.0,2017-01-23
313,strategy master,84299,87.44418954659302,1,None,87.44418954659302,New Entry,New Entry,New Entry,2017-02-22
314,rolipolioli,84398,87.4259863730446,1,None,87.4259863730446,New Entry,New Entry,New Entry,2017-02-24
315,rolayo,81400,87.35110393811567,1,87.35110393811567,None,New Entry,New Entry,New Entry,2017-02-24
316,snowy801,82888,87.1443267655172,16,95.733000654225,72.82987028433757,-85,0,0.0,2017-01-15
317,Andrew.getWrecked();,68219,86.97097339845418,1,86.97097339845418,None,-85,0,0.0,2017-01-20
318,Webdiplomacy485,57978,86.89984993778123,1,None,86.89984993778123,New Entry,New Entry,New Entry,2017-02-17
319,Jamiet99uk,13875,86.7267952605276,1,86.7267952605276,None,-86,0,0.0,2017-01-01
320,VashtaNeurotic,57402,86.58198109503662,14,84.3190565638856,116.0,6,2,4.582740718479627,2017-02-22
321,WHAPStudent,84477,86.53131371961163,1,86.53131371961163,None,New Entry,New Entry,New Entry,2017-02-25
322,figgyfosta,84233,86.19604927307333,1,None,86.19604927307333,New Entry,New Entry,New Entry,2017-02-13
323,Kripkenstein,82978,86.07134885273955,2,86.07134885273955,None,New Entry,New Entry,New Entry,2017-02-05
324,nickste89,64171,86.03809126345901,8,101.46950152897548,80.89428784162018,New Entry,New Entry,New Entry,2017-02-27
325,beowulf813,84061,85.94178370305464,1,None,85.94178370305464,New Entry,New Entry,New Entry,2017-02-07
326,berinhardt,83450,85.75269969729429,1,85.75269969729429,None,-90,0,0.0,2017-01-04
327,BismarckAlive,73563,85.75034327983678,1,None,85.75034327983678,New Entry,New Entry,New Entry,2017-02-19
328,micha,75625,85.6997811569602,4,69.7585769872986,101.64098532662179,-83,3,0.7437299383023799,2017-02-22
329,bazooka201,84176,85.67226163463495,1,85.67226163463495,None,New Entry,New Entry,New Entry,2017-02-09
330,Xxx420BL4ZE1TxxX,80835,85.61845416326976,1,None,85.61845416326976,-92,0,0.0,2017-01-18
331,Fabri2301,84116,85.49509597104726,1,None,85.49509597104726,New Entry,New Entry,New Entry,2017-02-09
332,Yoyoyozo,65915,85.46254634166802,30,91.66064070554017,45.17493297649898,-174,6,-16.5023307187667,2017-02-27
333,unmarut25,83229,85.38876222538063,1,None,85.38876222538063,-94,0,0.0,2017-01-11
334,Zollern,83741,85.34376088062034,1,85.34376088062034,None,-94,0,0.0,2017-01-30
335,DanielW,21221,85.27400370935122,1,None,85.27400370935122,-93,0,0.0,2017-01-12
336,Nyghthype,81656,84.88823220108738,9,83.3608172778586,86.79750085512335,-89,0,0.0,2017-01-14
337,stranger,41240,84.85339885336141,1,84.85339885336141,None,New Entry,New Entry,New Entry,2017-02-09
338,jnthorne,66639,84.85215832275962,1,None,84.85215832275962,New Entry,New Entry,New Entry,2017-02-16
339,jka1509,79437,84.79417844169423,2,85.58835688338846,84.0,-91,0,0.0,2017-01-02
340,pzfaust1,70158,84.78261553719277,2,84.7950912597428,84.77013981464273,New Entry,New Entry,New Entry,2017-02-04
341,nathan hale,76981,84.77539098107482,2,85.55078196214966,84.0,-91,0,0.0,2017-01-15
342,HafthorS,21265,84.75697944738596,2,84.74381908012919,84.77013981464273,-91,0,0.0,2017-01-11
343,WEW_FCKING_LAB,83473,84.73630679352199,1,84.73630679352199,None,-91,0,0.0,2017-01-05
344,MemeKing,82579,84.73630679352199,1,None,84.73630679352199,New Entry,New Entry,New Entry,2017-02-06
345,Duhbill,56097,84.73630679352199,1,84.73630679352199,None,-92,0,0.0,2017-01-06
346,OVOXO,83929,84.73630679352199,1,None,84.73630679352199,New Entry,New Entry,New Entry,2017-02-01
347,Syrakm,83800,84.73630679352199,1,None,84.73630679352199,-93,0,0.0,2017-01-24
348,ilailailaila,79732,84.7214756002137,1,84.7214756002137,None,New Entry,New Entry,New Entry,2017-02-27
349,faitdivers,83900,84.70246717252463,1,84.70246717252463,None,New Entry,New Entry,New Entry,2017-02-11
350,not_a_stick,83484,84.70131363152306,1,None,84.70131363152306,New Entry,New Entry,New Entry,2017-02-02
351,Huff2000,83648,84.67654130159735,1,84.67654130159735,None,-96,0,0.0,2017-01-21
352,Cbias72,77052,84.64277377098753,5,84.80346721373442,84.0,-95,0,0.0,2017-01-14
353,carne,5616,84.56913132209394,1,None,84.56913132209394,New Entry,New Entry,New Entry,2017-02-21
354,finnoconnor,80668,84.49087119568132,3,68.73630679352199,116.0,New Entry,New Entry,New Entry,2017-02-27
355,hayastankarabakh,83696,84.48626103820939,1,84.48626103820939,None,-97,0,0.0,2017-01-31
356,Sampson,41984,84.47491736657147,1,84.47491736657147,None,-97,0,0.0,2017-01-09
357,hajra_vac,81728,84.44543931673783,2,84.89087863347565,84.0,-97,0,0.0,2017-01-07
358,brunner,38300,84.38061885409641,2,85.47436546430416,83.28687224388868,-97,0,0.0,2017-01-12
359,Corkers101,62058,84.36815339676099,2,84.0,84.73630679352199,New Entry,New Entry,New Entry,2017-02-20
360,PopeAlanus,83053,84.36815339676099,2,84.73630679352199,84.0,-98,0,0.0,2017-01-03
361,joao,2769,84.28250291999989,4,69.46950152897548,99.09550431102429,-115,1,-0.6384013119444774,2017-02-01
362,damo666,79906,84.15383954322525,1,84.15383954322525,None,New Entry,New Entry,New Entry,2017-02-08
363,Paschal_Candle,84253,84.07825207453966,1,84.07825207453966,None,New Entry,New Entry,New Entry,2017-02-26
364,DrFishy,83252,84.01006520959552,1,84.01006520959552,None,-99,0,0.0,2017-01-24
365,coja,83449,84.0,1,None,84.0,-98,0,0.0,2017-01-03
366,gracewomack,84530,84.0,1,None,84.0,New Entry,New Entry,New Entry,2017-02-27
367,waterrj,83545,84.0,1,84.0,None,-99,0,0.0,2017-01-10
368,hugh8888,84100,84.0,1,None,84.0,New Entry,New Entry,New Entry,2017-02-05
369,Ethanthecat,66732,84.0,1,None,84.0,New Entry,New Entry,New Entry,2017-02-15
370,Corno4825,83298,84.0,1,None,84.0,-101,0,0.0,2016-12-31
371,BENchpress,81333,84.0,1,None,84.0,-101,0,0.0,2017-01-06
372,Guacamole,83667,84.0,1,None,84.0,-101,0,0.0,2017-01-27
373,Ranscott47,31779,84.0,1,84.0,None,-101,0,0.0,2017-01-04
374,General Milan,80508,84.0,1,84.0,None,-101,0,0.0,2016-12-30
375,azizas,79348,84.0,1,None,84.0,New Entry,New Entry,New Entry,2017-02-24
376,hail cookies,84298,84.0,1,None,84.0,New Entry,New Entry,New Entry,2017-02-26
377,carl'scroissants,83127,84.0,2,84.0,84.0,-103,1,0.0,2017-02-02
378,freezertweezer,83947,84.0,1,84.0,None,New Entry,New Entry,New Entry,2017-02-01
379,swordguy,74437,84.0,1,84.0,None,-104,0,0.0,2017-01-01
380,Cilohoclan,82620,84.0,1,84.0,None,-104,0,0.0,2017-01-01
381,jasilampfro,78435,84.0,1,84.0,None,-104,0,0.0,2017-01-03
382,itsnotdannewitz,16324,84.0,1,None,84.0,-104,0,0.0,2017-01-08
383,Potato Salad,81617,84.0,1,84.0,None,-104,0,0.0,2017-01-15
384,poi830,79825,84.0,3,84.0,84.0,New Entry,New Entry,New Entry,2017-02-19
385,N1pster,83862,84.0,1,84.0,None,-105,0,0.0,2017-01-24
386,Lord Bolton,71529,84.0,1,84.0,None,-105,0,0.0,2017-01-14
387,BoulayGER,83502,84.0,1,None,84.0,-105,0,0.0,2017-01-05
388,Bladerunners,61409,84.0,1,84.0,None,-105,0,0.0,2017-01-14
389,Estebanpalillo,84363,84.0,1,84.0,None,New Entry,New Entry,New Entry,2017-02-20
390,supervince,79900,84.0,1,None,84.0,New Entry,New Entry,New Entry,2017-02-19
391,NewHampshire,77515,84.0,1,None,84.0,-107,0,0.0,2017-01-13
392,michaelwallace,74039,84.0,1,None,84.0,-107,0,0.0,2017-01-22
393,codydewald,77740,84.0,1,84.0,None,-107,0,0.0,2017-01-07
394,majofi,83398,84.0,1,None,84.0,-107,0,0.0,2017-01-04
395,Beefeater,82929,84.0,1,None,84.0,-107,0,0.0,2017-01-07
396,Lordtruce,82884,84.0,2,84.0,84.0,-107,0,0.0,2017-01-04
397,HellsFists,67834,84.0,1,84.0,None,New Entry,New Entry,New Entry,2017-02-07
398,mikaaatamayo,84658,84.0,1,None,84.0,New Entry,New Entry,New Entry,2017-02-27
399,kyle2185,27551,84.0,1,84.0,None,-109,0,0.0,2017-01-03
400,jianshen,75376,84.0,1,None,84.0,New Entry,New Entry,New Entry,2017-02-05
401,mromano2,74412,84.0,1,84.0,None,-110,0,0.0,2017-01-23
402,marckbis,51777,84.0,1,84.0,None,New Entry,New Entry,New Entry,2017-02-22
403,getfluffed,84222,84.0,1,None,84.0,New Entry,New Entry,New Entry,2017-02-16
404,Shepdog8,76600,84.0,1,None,84.0,-112,0,0.0,2017-01-30
405,Picu,84137,84.0,1,None,84.0,New Entry,New Entry,New Entry,2017-02-12
406,TonyBilogne,80126,84.0,1,None,84.0,-113,0,0.0,2016-12-31
407,Rylanzor,58645,84.0,1,None,84.0,-113,0,0.0,2017-01-02
408,Quaid,83967,84.0,1,84.0,None,-113,0,0.0,2017-01-28
409,Lake047,63459,84.0,1,84.0,None,-113,0,0.0,2017-01-05
410,steveblade,82312,84.0,1,84.0,None,-112,0,0.0,2016-12-30
411,JangelTheGreat,84346,84.0,1,84.0,None,New Entry,New Entry,New Entry,2017-02-18
412,Sasquatch,83561,84.0,1,84.0,None,New Entry,New Entry,New Entry,2017-02-13
413,tatertrotts,73226,84.0,1,84.0,None,-114,0,0.0,2017-01-06
414,C-Rad,75863,84.0,1,None,84.0,-114,0,0.0,2017-01-11
415,Field-Marshal Forty,29675,84.0,1,None,84.0,-114,0,0.0,2016-12-30
416,SaintKelly,77263,84.0,1,84.0,None,-114,0,0.0,2017-01-27
417,pphoenix,64255,84.0,2,84.0,84.0,New Entry,New Entry,New Entry,2017-02-12
418,Sandman99,61778,84.0,1,84.0,None,-115,0,0.0,2017-01-04
419,DeBeer88,83573,83.96861361774016,2,83.93722723548032,84.0,-115,0,0.0,2017-01-12
420,jmo1121109,15658,83.96609186983082,1,83.96609186983082,None,-115,0,0.0,2017-01-16
421,Macchiavelli,31187,83.92219339437838,5,73.2036556572973,100.0,-254,3,-16.110592839476524,2017-02-06
422,babolat300,80790,83.90348064751251,1,83.90348064751251,None,New Entry,New Entry,New Entry,2017-02-15
423,Dharmaton,17326,83.87106901874547,1,83.87106901874547,None,New Entry,New Entry,New Entry,2017-02-09
424,The Mad Knight,71602,83.86800708580569,1,None,83.86800708580569,-118,0,0.0,2017-01-02
425,taos,23975,83.82280648777216,2,83.82280648777216,None,-117,0,0.0,2017-01-13
426,NigeeBaby,40995,83.75617834174348,1,83.75617834174348,None,-117,0,0.0,2017-01-09
427,set8888,84447,83.68298687381063,2,84.0,83.36597374762127,New Entry,New Entry,New Entry,2017-02-24
428,Shenguin,83542,83.59468074005821,1,83.59468074005821,None,New Entry,New Entry,New Entry,2017-02-01
429,WarwickMagdalene,84221,83.51792343226163,2,81.69632556583686,85.33952129868638,New Entry,New Entry,New Entry,2017-02-20
430,qtkat,68309,83.41938211349569,1,83.41938211349569,None,-119,0,0.0,2017-01-10
431,TheCoward,81889,83.35978023185697,1,None,83.35978023185697,New Entry,New Entry,New Entry,2017-02-12
432,??? ????????,82913,83.28414970845684,3,82.92622456268525,84.0,-120,0,0.0,2017-01-17
433,Txiki,35156,83.26369320647801,1,83.26369320647801,None,-120,0,0.0,2017-01-10
434,Swiss cheese,84347,83.26369320647801,1,None,83.26369320647801,New Entry,New Entry,New Entry,2017-02-19
435,Khoury,77924,83.26369320647801,1,None,83.26369320647801,New Entry,New Entry,New Entry,2017-02-16
436,ian.wyllie98,82009,83.26369320647801,1,83.26369320647801,None,-122,0,0.0,2017-01-09
437,Ciyan3,81681,83.26369320647801,1,None,83.26369320647801,-122,0,0.0,2017-01-11
438,Brad Majzner,82594,83.22986018535727,1,None,83.22986018535727,-122,0,0.0,2017-01-02
439,setter,78855,83.15791899118247,1,None,83.15791899118247,-121,0,0.0,2017-01-23
440,Thaneofwhiterun,79978,83.03332902431565,1,83.03332902431565,None,-119,0,0.0,2017-01-09
441,The Big Rig,80919,82.99850375703171,2,83.33254269293974,82.66446482112369,New Entry,New Entry,New Entry,2017-02-22
442,indigo93,83693,82.98672555824076,1,None,82.98672555824076,-120,0,0.0,2017-01-24
443,Glen_Alexander,72537,82.81197222115021,12,79.09366392824714,101.4035136856656,-84,1,13.53304438372966,2017-02-28
444,xenabbigail,84360,82.76872419782526,2,82.86348477232812,82.67396362332242,New Entry,New Entry,New Entry,2017-02-20
445,mikiele8,71439,82.51856873626537,1,82.51856873626537,None,-122,0,0.0,2017-01-07
446,Wreckit,83608,82.20918034804056,1,82.20918034804056,None,-122,0,0.0,2017-01-15
447,johnsmith177693,83772,82.19572954035408,1,None,82.19572954035408,-122,0,0.0,2017-01-23
448,czechveck,12871,82.15762562729599,2,82.15762562729599,None,New Entry,New Entry,New Entry,2017-02-27
449,rjbhatt,83661,81.96622674159885,1,81.96622674159885,None,-122,0,0.0,2017-01-17
450,TheOttoMan,79645,81.87250357065197,1,None,81.87250357065197,-122,0,0.0,2017-01-23
451,OB_Gyn_Kenobi,64302,81.75591635732434,21,76.6217498190401,130.53049847102452,-87,6,14.488996149240947,2017-02-24
452,Lackbeard,56988,81.68797113994286,1,81.68797113994286,None,-123,0,0.0,2017-01-27
453,Anselmo,18145,80.8942323581747,1,80.8942323581747,None,New Entry,New Entry,New Entry,2017-02-26
454,dhrkippenhok,42347,80.76992152123412,1,None,80.76992152123412,New Entry,New Entry,New Entry,2017-02-10
455,Joe Biden,83007,80.25769499508826,12,36.399987543955746,111.58462888875434,-121,0,0.0,2017-01-26
456,Hellfire Missile,82788,79.95054531726186,3,77.20865430354885,85.43432734468787,-221,1,-5.8129923477275725,2017-02-01
457,evanej,82664,79.81561580879615,7,71.76892578850672,99.93234085951973,-122,0,0.0,2017-01-20
458,TheSawboss,83737,79.36987755931918,13,69.12417113121441,85.77344407688467,-245,4,-13.79435295842265,2017-02-12
459,ChippeRock,71273,78.8227855726538,8,71.42998723366463,101.00118058962131,-415,6,-51.707712898370715,2017-02-07
460,YanksFan47,40684,78.78013712344496,8,77.73343845025796,86.1070278357539,-252,2,-15.333003630717002,2017-02-10
461,SilentSamurai,80715,78.40573142543697,3,None,78.40573142543697,-124,0,0.0,2017-01-31
462,yaks,44001,77.04675221968961,11,56.93963806540316,130.66572329778683,-260,3,-18.889879783046354,2017-02-19
463,Tyran,45146,76.96899346498344,18,70.69286315930104,83.24512377066583,-123,0,0.0,2017-01-31
464,CommanderByron,61648,76.7651878864511,7,76.76518788645109,None,-113,2,4.782003609727198,2017-02-25
465,meow88,83815,76.36815339676099,4,84.0,68.73630679352199,-129,1,-2.7893844655870055,2017-02-25
466,dvdtknsn,83313,76.21837177146227,3,72.32755765719341,84.0,-125,0,0.0,2017-01-16
467,parkerwarker,78535,75.91427659407093,2,None,75.91427659407093,New Entry,New Entry,New Entry,2017-02-14
468,Alalea,82168,75.9112922669699,2,75.9112922669699,None,-126,0,0.0,2017-01-19
469,maxitaxi123,80916,75.64614059592678,11,71.40272561048752,86.9619138904315,-332,6,-33.80473271282192,2017-02-21
470,Bigpepe29,81211,75.26417983377173,8,76.75248908860459,70.79925206927318,-126,0,0.0,2017-01-21
471,VI Lenin,84386,75.24416982439931,3,70.86625473659896,84.0,New Entry,New Entry,New Entry,2017-02-26
472,Qualtagh,76220,74.72754263315493,2,74.72754263315493,None,-127,0,0.0,2017-01-29
473,The Imperial,84603,74.44177672843036,2,74.44177672843036,None,New Entry,New Entry,New Entry,2017-02-27
474,Sorcerine,82636,74.28959891287933,3,69.43439836931898,84.0,-128,0,0.0,2017-01-05
475,ildarsupron,84000,74.15092688889932,3,69.94510124126637,82.5625781841652,New Entry,New Entry,New Entry,2017-02-03
476,Aljaraf,65831,73.54682662573173,3,83.23554553214589,68.70246717252463,-128,0,0.0,2017-01-17
477,alishaslone,83960,73.50571697293624,3,68.25857545940436,84.0,-128,0,0.0,2017-01-30
478,Mother Land,81800,73.38837197607546,4,73.38837197607546,None,-98,1,20.671170798105415,2017-02-20
479,Clownie,80737,73.17149885440706,2,None,73.17149885440706,New Entry,New Entry,New Entry,2017-02-10
480,Pepijn,35347,73.14416887253263,2,73.14416887253263,None,-130,0,0.0,2017-01-15
481,AngelEyesGBU,43193,72.24391162733748,7,69.69446271967456,87.54060507331494,-361,4,-42.30588414374648,2017-02-13
482,curtis,18233,72.02743843438122,38,59.5344949243712,102.69193614076951,-266,4,-19.48994285117405,2017-02-19
483,ll667,81837,71.20798024744127,5,68.19405200768209,83.26369320647801,-131,0,0.0,2017-01-20
484,infinitybutts69,74738,71.03898938979783,18,80.34802660583621,63.591759616967146,-254,12,-16.367381048494792,2017-02-28
485,.Jackson.,82533,70.92160359185853,2,70.92160359185853,None,New Entry,New Entry,New Entry,2017-02-05
486,weightc,77142,70.77060686040164,2,None,70.77060686040164,-132,0,0.0,2017-01-12
487,reedeer1,76396,70.66045616428696,2,70.66045616428696,None,-238,1,-14.130421251790523,2017-02-06
488,Joeybean,78111,70.13678865939526,2,None,70.13678865939526,New Entry,New Entry,New Entry,2017-02-08
489,yahavnam,83663,69.642814529845,2,69.642814529845,None,-132,0,0.0,2017-01-17
490,Nikov,78920,69.47787498984142,7,69.47787498984142,None,-132,0,0.0,2017-01-27
491,inferno,84091,69.47206691850454,4,68.15256796613068,70.7915658708784,New Entry,New Entry,New Entry,2017-02-12
492,Tronkit,81403,69.46950152897548,2,69.46950152897548,None,-226,1,-14.530498471024515,2017-02-09
493,Pizza_guy1234,83962,69.08598435075007,4,69.46950152897548,68.70246717252463,-196,3,-14.914015649249933,2017-02-04
494,poorfool,59199,68.70050296375996,2,68.70050296375996,None,New Entry,New Entry,New Entry,2017-02-03
495,Wusti,37752,67.72640943348677,8,67.72640943348677,None,-365,5,-45.026713083311336,2017-02-17
496,AdmiralDiplomat,81792,67.30916019847447,9,67.10211082057555,68.03383302112074,-135,0,0.0,2017-01-11
497,jt_i_b,4867,67.2999934925327,4,61.466881732179864,84.79932877359127,-135,0,0.0,2017-01-19
498,ThatBuhlLarry,62258,67.29753282747537,2,67.29753282747537,None,-135,0,0.0,2016-12-31
499,Orikami,74897,67.2382000007083,7,64.33259162641986,84.67185024643895,-166,1,-13.120322474248312,2017-02-01
500,trooper76,12158,67.10655115250792,47,1.5318456554927007,148.2942817678601,-168,21,-13.533087994141582,2017-02-18
501,Manmcmanman,81733,66.34559530891683,8,51.4722230375357,91.13454909455206,-341,4,-35.17799001937283,2017-02-27
502,otagotasolo,83472,65.9168684556723,7,65.9168684556723,None,-370,3,-46.35387849717745,2017-02-28
503,Soto24,81444,65.85983786264036,2,65.85983786264036,None,-184,1,-17.29594648474888,2017-02-02
504,stvmike,17433,64.08241633784827,12,62.50876473975498,81.39258391687453,-135,4,1.8375653214496026,2017-02-23
505,periodicallypunny,84273,62.970632730115696,5,54.07394132707799,76.31566983467225,New Entry,New Entry,New Entry,2017-02-25
506,Scire,82226,61.422676819566696,6,61.422676819566696,None,-168,3,-16.92694974700155,2017-02-28
507,cmeier774,84110,61.092735498295575,6,76.62382195405473,53.32719227041599,New Entry,New Entry,New Entry,2017-02-14
508,godless commy,83107,60.74684894736822,5,69.08803149750788,55.186060580608455,-138,0,0.0,2017-01-25
509,LeNerd98,83712,60.602353688313066,5,60.60235368831306,None,-138,0,0.0,2017-01-19
510,PirateNationUSA,83163,60.419563847082124,5,67.25793316041013,55.86065097153013,-138,0,0.0,2017-01-09
511,Loqutus,77431,60.33766804333743,6,49.20520165200491,116.0,-191,3,-22.77486658754033,2017-02-25
512,Biojay,83452,60.17457076510147,12,61.22677673628439,57.01795285155273,-292,4,-30.36350267523232,2017-02-24
513,BohemianRapCity,80939,57.88801986863108,15,64.55311908910352,39.5589970123319,-131,4,7.373011066205741,2017-02-21
514,Maniac ,7249,57.357279187130615,11,57.35727918713061,None,-136,2,2.5015219717475077,2017-02-18
515,leobas,83775,57.28176453807802,16,67.03107320823189,44.746939105023046,-131,9,11.617093285730384,2017-02-22
516,Balduran,83135,57.23803794731025,4,57.23803794731025,None,-142,0,0.0,2017-01-17
517,Bilbo,12259,57.121154940838736,67,37.111793736682344,95.39993289661618,-393,31,-57.06730658792091,2017-02-28
518,Gandalf69,83497,57.09664889454113,11,27.841707333568394,81.47576686201842,-143,0,0.0,2017-01-18
519,The_Spanish,79029,54.45868613996565,18,50.79816779297338,116.68749803883432,-151,9,-9.534990455609076,2017-02-26
520,jarrete,84174,54.17217967179828,3,54.17217967179828,None,New Entry,New Entry,New Entry,2017-02-10
521,ja_user,83083,54.1030302718877,43,130.9557993474629,-42.97415171831256,-135,11,11.263320250966423,2017-02-27
522,eturnage,63567,51.872213025704596,18,47.931555905979984,118.86338406102303,-169,5,-19.09039649759403,2017-02-16
523,DammmmDaniel,77755,48.79979104181613,5,39.99973880227016,84.0,-140,0,0.0,2017-01-28
524,MoscowFleet,78234,46.28039102252002,15,43.586133238414305,84.0,-367,6,-55.75701694324967,2017-02-23
525,Roadhog,80549,45.114414067935435,28,49.06249228940098,44.03766546208119,-186,19,-33.210632761751306,2017-02-28
526,Egathetos,83771,44.01484855904845,45,30.03197851441454,61.49343611484085,-136,25,11.048266871912872,2017-02-28
527,TheRealMaestro,83732,43.36870072102297,11,53.666620322896186,31.0111971987751,-142,0,0.0,2017-01-28
528,Crazy Anglican,15340,42.96465376984409,9,34.314244854551134,73.24108497336942,-173,4,-27.681501331305753,2017-02-24
529,wizard`,81070,41.75817602153326,4,41.75817602153326,None,-173,2,-27.887498070285048,2017-02-06
530,Ikaneko,80311,41.186671961822356,4,41.186671961822356,None,-170,2,-26.81643692575581,2017-02-14
531,JimmyG,66054,40.900820564576875,17,47.724462792680164,34.83536080626284,-154,5,-14.09464080668186,2017-02-18
532,NoLaubach,82876,40.8310708376853,6,32.33777843972729,83.29753282747537,-145,0,0.0,2017-01-04
533,ckoch22,81335,40.56693148195831,4,40.56693148195831,None,-145,0,0.0,2017-01-25
534,Napoleon IV,66744,39.503673456987116,6,30.590846351364952,84.06780898509794,-167,2,-26.32155233003735,2017-02-07
535,kim_jong_un_,80687,38.74945569975653,8,39.5834898403502,37.915421559162866,New Entry,New Entry,New Entry,2017-02-26
536,Praetorian72,82833,35.64742360236318,14,15.327433538392869,62.740743687656945,-147,0,0.0,2017-01-30
537,Poohbelly,81058,31.732597876532814,5,31.732597876532814,None,-164,2,-28.469930480362578,2017-02-11
538,yavuzovic,78840,31.569432407475745,12,26.803017171791723,84.0,-144,2,24.966829087947623,2017-02-08
539,Johnderan31,83946,23.670591359877744,7,13.615689919857369,84.0,-160,4,-30.536619734036574,2017-02-04
540,americaslacker,70169,16.57496963813846,9,4.146840842905769,116.0,-149,1,-11.744812513910205,2017-02-07
541,SmallTownGypsyMassacre,80992,11.7596676727912,27,0.9640002714518303,27.46245662019392,-149,9,-9.106220646378228,2017-02-27
542,Powellcrosleyjr,74971,10.975067761409631,16,1.893679395742888,26.110715037520873,-149,2,-2.0742726841464094,2017-02-22
543,curupira,62920,8.202228047824239,9,-1.5349359010213384,86.09953963858885,-167,6,-47.75505744966026,2017-02-27
