Rank, Player, PlayerID, Peak Ghost Rating
1, "Silver Wolf"-"0", 7150, 351.574464593936
2, "MadMarx"-"0", 5210, 349.229628028115
3, "djbent"-"0", 11891, 343.882995145273
4, "sswang"-"0", 7490, 313.037981041303
5, "Babak"-"0", 11051, 273.484384907672
6, "Perry6006"-"0", 17783, 270.270127644118
7, "BoG75"-"0", 3514, 258.386491427076
8, "Braveheart"-"0", 4010, 248.929265487895
9, "stratagos"-"0", 8290, 235.806125835517
10, "MarekP"-"0", 2560, 232.553856069141
11, "Centurian"-"0", 6265, 227.85908404253
12, "LanGaidin"-"0", 12510, 224.535361301427
13, "TheMasterGamer"-"0", 6454, 224.17544865519
14, "Akroma"-"0", 8566, 220.627613038827
15, "xgongiveit2ya55"-"0", 5385, 213.668018931223
16, "grncton"-"0", 14641, 213.327834178586
17, "myth1202"-"0", 17769, 210.147426010866
18, "Spartan 00256"-"0", 6559, 207.877511782944
19, "Jacob"-"0", 9013, 206.313748633378
20, "DingleberryJones"-"0", 8019, 205.797749411673
21, "mapleleaf"-"1", 3959, 204.836267971888
22, "Ivo_ivanov"-"0", 5945, 203.686359791553
23, "Labond"-"0", 3644, 203.620676876991
24, "user#12321"-"0", 20609, 198.648118344326
25, "Troodonte"-"0", 12416, 192.63792189723
26, "lulzworth"-"0", 10137, 190.094479069208
27, "Crazyter"-"0", 15679, 189.202590166223
28, "orathaic"-"0", 5147, 189.190263471121
29, "Polar Bear"-"0", 4761, 187.386947695634
30, "ag7433"-"0", 10347, 187.115185306606
31, "TheWizard"-"0", 10873, 185.398276802301
32, "bartdogg42"-"0", 11454, 185.186882156622
33, "cgwhite32"-"0", 3927, 184.347711512153
34, "texasdeluxe"-"0", 7039, 183.578598181074
35, "mdruskin"-"0", 5221, 181.383312457171
36, "martinck1"-"0", 19489, 181.059122567148
37, "Tru Ninja"-"0", 10675, 180.843385866111
38, "Gary"-"0", 7014, 179.183216115239
39, "anlari"-"0", 964, 176.549178782116
40, "Sven"-"0", 16385, 175.556977709824
41, "Laoban"-"0", 10545, 175.414812457664
42, "The Conquerer"-"1", 15995, 175.121771686054
43, "canaduh"-"0", 4145, 174.059159758264
44, "Thucydides"-"0", 4102, 173.563921814313
45, "Bjmacson"-"0", 20338, 171.537983347548
46, "dave bishop"-"0", 18322, 171.478143533983
47, "Danaman"-"0", 15460, 170.900326094918
48, "KaaRoy"-"1", 1078, 169.43889820058
49, "gjdip"-"0", 14913, 168.244380909491
50, "alamothe"-"0", 2735, 167.904841198991
51, "Stagger"-"0", 4692, 167.265306122449
52, "C-K"-"0", 17719, 164.711139974243
53, "Acosmist"-"1", 17141, 164.188331905842
54, "NevilleChamberlain"-"0", 6800, 163.647302924934
55, "BornAgainGamer"-"0", 11806, 162.046751304656
56, "Hereward77"-"0", 11338, 161.415494236107
57, "Bazin"-"0", 4633, 161.168513119534
58, "TheGhostmaker"-"0", 2188, 158.914996429844
59, "kolotoure"-"0", 18381, 158.620239340526
60, "BigZombieDude"-"0", 15832, 158.320305471056
61, "The Czech"-"0", 17724, 157.968031822591
62, "LordOfWar"-"0", 7988, 156.763548521449
63, "Pantalone"-"0", 10190, 155.150702542023
64, "flashman"-"0", 3474, 154.127687038465
65, "dangermouse"-"0", 222, 152.922951892678
66, "hellalt"-"0", 13865, 150.772563244296
67, "Bugger"-"0", 5349, 148.994160944834
68, "fwancophile"-"0", 2903, 148.711597274365
69, "Stevelers"-"0", 4966, 147.400704167642
70, "Withnail160"-"0", 3526, 146.415496341704
71, "Cheleon"-"0", 5026, 145.845557511677
72, "zerquetschnikov"-"0", 22189, 145.21621864479
73, "TiresiasBC"-"0", 18523, 144.513245155952
74, "gryncat"-"0", 4087, 144.38931805885
75, "SpookyJuice"-"0", 18858, 143.764420832273
76, "rdrivera2005"-"0", 16691, 143.382006473195
77, "Napoleon of Oz"-"0", 19296, 143.276989729116
78, "SohDjinn"-"0", 17679, 143.123391719808
79, "jthiher"-"0", 21609, 142.630991358209
80, "Louis XIV"-"0", 20357, 142.576047742862
81, "JECE"-"0", 17421, 142.540333619537
82, "Morandini"-"0", 15443, 142.389677370961
83, "sceptic_ka"-"0", 6732, 141.936728030919
84, "howieB"-"0", 19880, 141.539864819501
85, "Galaxion"-"0", 8067, 141.510245510057
86, "Dee Eff"-"0", 12389, 141.447874005225
87, "wooooo"-"0", 10598, 141.425906063899
88, "theroofisgreen"-"0", 21475, 140.564076521402
89, "L"-"0", 9832, 139.828095144001
90, "destp"-"0", 6259, 139.612326923602
91, "arthurmklo"-"0", 3301, 139.206672519761
92, "Farcus189"-"0", 4479, 138.968952460284
93, "melbourne"-"0", 2449, 138.95568382654
94, "Bezborodov"-"0", 20356, 138.888950754189
95, "SteveH8ER"-"0", 6894, 138.797844733826
96, "Jamiet99uk"-"0", 13875, 138.571428571429
97, "littlewilliams"-"0", 19957, 138.281532231059
98, "Uhtred"-"0", 3922, 137.902319013336
99, "xcad"-"0", 18094, 137.773760932945
100, "g50"-"0", 16045, 137.057042411534
101, "Dunecat"-"0", 11650, 137.033601491172
102, "fetteper"-"0", 19520, 136.711937398168
103, "redells"-"0", 16628, 136.680833824083
104, "spyman"-"0", 8237, 136.667526372415
105, "colaup"-"0", 20004, 136.440816326531
106, "Chairman Mao"-"0", 3340, 136.359646315565
107, "rratclif"-"1", 9215, 136.315151502662
108, "Ethanol"-"0", 14084, 136.237940426242
109, "`ZaZaMaRaNDaBo`"-"0", 16392, 136.230252842234
110, "sean"-"0", 4029, 136.186331338674
111, "Talus Proteus"-"0", 7632, 136.071543172493
112, "AgentF"-"0", 20711, 136.054425101858
113, "Blackheath Wanderer"-"1", 5389, 135.993002915452
114, "Nazim"-"0", 15611, 135.849888886433
115, "Soul"-"0", 4938, 135.591836734694
116, "Nodosaria"-"0", 7989, 135.573177842566
117, "Sayjo the Lion-Hearted"-"0", 15951, 135.44520135147
118, "Pipe"-"0", 13505, 135.428110668174
119, "SacKWacK"-"0", 19616, 135.426006291286
120, "dmwits"-"0", 8439, 135.409281060465
121, "ThomasB"-"0", 12525, 135.211167101996
122, "Feanor"-"0", 6718, 135.124828144881
123, "SunZi"-"0", 19506, 135.071223116954
124, "Maniac "-"0", 7249, 135.021224264355
125, "Li0n"-"0", 21091, 134.819586857508
126, "TrueHeart"-"0", 7885, 134.763881148307
127, "Duke of Marlborough"-"0", 21670, 134.758522996371
128, "mlholowach"-"0", 16642, 134.710577697754
129, "freakflag"-"0", 2330, 134.662390596002
130, "Spell of Wheels"-"0", 7746, 134.600493510149
131, "General_Ireland"-"0", 8081, 134.525055479773
132, "MexicoSlim"-"0", 16931, 134.523689710651
133, "Rakari"-"0", 4072, 134.472446235654
134, "abgemacht"-"0", 4946, 134.455986446038
135, "gameover"-"0", 1990, 134.285714285714
136, "Ocire"-"0", 3545, 134.285714285714
137, "Mergoth"-"0", 4819, 134.285714285714
138, "Medi"-"0", 4937, 134.285714285714
139, "ednos"-"0", 4990, 134.285714285714
140, "XiangYu"-"0", 5061, 134.285714285714
141, "Ruohan"-"0", 7977, 134.285714285714
142, "Berri"-"0", 7980, 134.285714285714
143, "MANoWARchests"-"0", 9991, 134.285714285714
144, "Commodore64"-"1", 10508, 134.285714285714
145, "Rory773"-"0", 10993, 134.285714285714
146, "BlackbeardReborn"-"0", 12043, 134.285714285714
147, "DonnieDarko"-"0", 12627, 134.285714285714
148, "BarrackObama"-"0", 15299, 134.285714285714
149, "Macavenger"-"0", 16223, 134.285714285714
150, "mugence"-"0", 16508, 134.285714285714
151, "Thryn "-"0", 19338, 134.285714285714
152, "DeathKorps"-"0", 19899, 134.285714285714
153, "jimutc"-"0", 20306, 134.285714285714
154, "1"-"0", 20529, 134.285714285714
155, "mac"-"0", 8441, 134.259437239522
156, "Celtic Raider"-"0", 20457, 134.153496349763
157, "XAce90"-"0", 7313, 134.103158611485
158, "tomekperet"-"0", 4695, 134.04185468045
159, "otthegreat"-"0", 18821, 133.98920755147
160, "DirtyClownLap"-"0", 13552, 133.983356275826
161, "Kalinga"-"0", 4249, 133.959183673469
162, "scott"-"0", 5281, 133.959183673469
163, "titansbt89"-"0", 7568, 133.959183673469
164, "Prince2"-"0", 7930, 133.959183673469
165, "balls deep in the sudan"-"0", 9683, 133.959183673469
166, "fhphillip"-"0", 20098, 133.959183673469
167, "illrepute"-"0", 20437, 133.959183673469
168, "Kompole"-"0", 10996, 133.770515257439
169, "klynch427"-"0", 11191, 133.712996074544
170, "Gnarfflinger"-"0", 10653, 133.684246409416
171, "The Mark of Doom"-"0", 7286, 133.651311953353
172, "Aquu"-"0", 14973, 133.651311953353
173, "Sweens18"-"0", 4223, 133.632653061224
174, "ooliveair"-"0", 18453, 133.632653061224
175, "DavoutHojo"-"0", 18812, 133.632653061224
176, "tilMletokill"-"0", 17061, 133.583611721597
177, "Kainer"-"0", 12444, 133.520018410509
178, "diplomat1889"-"0", 17711, 133.492663136392
179, "Yaniv"-"0", 7728, 133.361032902957
180, "wawlam59"-"1", 2723, 133.324781341108
181, "Sparky McGee"-"0", 3108, 133.324781341108
182, "Alqazar"-"0", 11395, 133.324781341108
183, "aoeui"-"0", 10036, 133.30612244898
184, "NinjaPirateRobotZombie"-"0", 15569, 133.08734122687
185, "millerso"-"0", 20243, 133.016909620991
186, "alealeale"-"0", 3033, 132.998250728863
187, "DMwest27"-"0", 14150, 132.998250728863
188, "P@ck@rd"-"0", 4994, 132.979591836735
189, "hammac"-"0", 14962, 132.896687024397
190, "Ben e Boy"-"0", 6235, 132.760810614625
191, "DaveMorano"-"0", 6325, 132.726630570596
192, "Shep"-"0", 10211, 132.671720116618
193, "raggamuffin"-"0", 15483, 132.671720116618
194, "Yuul"-"0", 18314, 132.358269884549
195, "Treefarn"-"0", 5265, 132.168978225254
196, "Darwyn"-"0", 3410, 132.163071194127
197, "Puma"-"0", 18119, 132.063109813965
198, "KnightGeneral"-"0", 18470, 132.037317784257
199, "danikine74"-"0", 11361, 131.767561387075
200, "COTW"-"0", 12094, 131.661942832246
201, "Tetra0"-"0", 5141, 131.497376093294
202, "DavesLaw"-"1", 13656, 131.451623444418
203, "Seal Clubber"-"0", 15927, 131.399616135142
204, "Ed Poon"-"0", 5217, 131.358562528413
205, "rhydon"-"0", 17621, 131.05426485883
206, "Gallando"-"0", 17763, 131.045751946824
207, "dkartik"-"0", 378, 130.875196287261
208, "allanxo"-"0", 13627, 130.705478801432
209, "Plastic Hussar"-"0", 16234, 130.562521240412
210, "Bang"-"0", 13668, 130.151263868377
211, "MajorTom"-"0", 4607, 129.964327544149
212, "DipperDon"-"0", 9735, 129.738364374859
213, "Hardin"-"0", 17269, 129.736732945429
214, "monkeyangst"-"0", 14649, 129.636656415426
215, "azteca"-"0", 15200, 129.602261082723
216, "Shisuren"-"0", 3633, 129.599055156237
217, "Captain Canuck"-"0", 10983, 129.551020408163
218, "fortknox"-"0", 5615, 129.450291282421
219, "twalsh1572"-"0", 20463, 129.224489795918
220, "agmarios"-"0", 1406, 129.046164098292
221, "dangerford"-"0", 901, 128.571428571429
222, "SBKing"-"0", 5016, 128.571428571429
223, "dingus"-"0", 5197, 128.571428571429
224, "xfile8888"-"0", 6937, 128.571428571429
225, "1097"-"0", 9631, 128.571428571429
226, "Furor"-"0", 17264, 128.560793640306
227, "MScJ"-"0", 20921, 128.550791130656
228, "Chrispminis"-"0", 256, 128.524066183596
229, "aoe3rules"-"0", 1568, 128.343104312874
230, "akilies"-"0", 13376, 128.244897959184
231, "BBanner"-"0", 20491, 128.244897959184
232, "bockman"-"0", 16987, 128.203829271249
233, "Gobo"-"0", 19849, 128.145139525198
234, "pi r round"-"1", 19623, 128.128089142075
235, "Wombat"-"0", 3257, 128.090805973701
236, "xcurlyxfries"-"1", 9247, 128.037692306762
237, "Baquack"-"0", 10024, 127.937026239067
238, "_Beau_"-"0", 7004, 127.610495626822
239, "meteorman15"-"0", 13859, 127.591836734694
240, "Rait"-"0", 950, 127.262643050656
241, "Don Corleone"-"0", 17814, 127.177264078169
242, "Croaker"-"0", 5347, 126.88266595989
243, "S.P.S.D."-"0", 5972, 126.685814244065
244, "Bilbo"-"0", 12259, 126.268197103985
245, "Rule Britannia"-"0", 19749, 126.241941379856
246, "nw"-"0", 5778, 126.204855419858
247, "nInjA"-"0", 2489, 125.925742089645
248, "Iggy"-"0", 18003, 125.503468035037
249, "TheSpielfuhrer"-"0", 20607, 125.250543279517
250, "gingerbenjamin"-"0", 10547, 125.18432811285
251, "rhino86"-"0", 16965, 125.037617026946
252, "Bonotow"-"0", 16989, 124.757164086247
253, "Argento"-"0", 5024, 124.586334457772
254, "Celley"-"0", 10992, 124.471137026239
255, "urallLESBlANS"-"1", 10619, 124.138675739319
256, "El_Perro_Artero"-"0", 3416, 123.93099821355
257, "Sarge"-"0", 4593, 123.740353686545
258, "Malleus"-"0", 12565, 123.222844542809
259, "lzwqmang"-"0", 2937, 123.183673469388
260, "Tobepapa"-"0", 6137, 123.124132929168
261, "zscheck"-"0", 7475, 123.054665381662
262, "Kobiritz"-"0", 22546, 123.021100215476
263, "mcraigor"-"0", 19042, 122.857142857143
264, "dearmore28"-"0", 3912, 122.617134124197
265, "splee"-"0", 4793, 122.530612244898
266, "Friendly Sword"-"0", 6542, 122.519312467091
267, "Xapi"-"0", 6290, 122.480111252831
268, "Stukus"-"0", 14373, 122.268735937392
269, "ottovanbis"-"1", 14920, 122.204081632653
270, "johnnykangaroo"-"0", 18283, 121.447136332485
271, "ZeroZero_Peras"-"0", 3513, 121.331083928281
272, "Nadji"-"0", 9077, 120.971528529779
273, "SoggyFrog"-"0", 12349, 120.598828482026
274, "jquirk"-"0", 20836, 120.252353664941
275, "Hyperactive Jam"-"0", 2837, 119.507471886714
276, "groverloaf"-"0", 15498, 119.219670133465
277, "idealist"-"0", 15606, 118.847941152098
278, "potom"-"0", 14787, 118.375054280389
279, "V+"-"0", 10008, 118.358475835017
280, "Churchill"-"0", 5167, 117.988680151379
281, "jwpatty"-"0", 17701, 117.984427414776
282, "DaveH"-"0", 12799, 117.533162186709
283, "vamosrammstein"-"0", 11508, 117.267818358043
284, "Pandarsenic"-"0", 9227, 116.969053076727
285, "Civil Disorder!!!"-"0", 12986, 116.746410672493
286, "Toby Bartels"-"0", 12201, 116.667638638344
287, "njrsax"-"0", 10154, 116.545354226889
288, "Stripy"-"0", 12063, 116.44789049768
289, "mdrltc"-"0", 21196, 115.903486319353
290, "LJ TYLER DURDEN"-"0", 17791, 115.750997337892
291, "Mack Eye"-"0", 17258, 114.84826824384
292, "NathanF"-"0", 6882, 114.832909367212
293, "drppnlds"-"0", 11975, 114.474685600743
294, "jayruegg"-"0", 11982, 114.474685600743
295, "RobL"-"0", 3203, 114.285714285714
296, "thedayofdays"-"0", 13836, 114.285714285714
297, "Telemaco"-"0", 10238, 114.263886535431
298, "Tantris"-"0", 16909, 114.148717220066
299, "DonXavier"-"0", 11365, 114.143144463295
300, "Foxtrot"-"0", 17886, 114.122448979592
301, "raZZer"-"0", 18403, 114.122448979592
302, "ch0pst1ck"-"0", 18344, 113.959183673469
303, "miliwally"-"0", 18496, 113.959183673469
304, "Lan"-"0", 18532, 113.805247813411
305, "SUPaLee"-"0", 19405, 113.805247813411
306, "ballhog"-"0", 10592, 113.795918367347
307, "ungaro"-"0", 10400, 113.641982507289
308, "McCain"-"0", 4785, 113.623519052484
309, "abab"-"0", 3044, 113.342907122032
310, "malo"-"0", 22547, 113.342907122032
311, "gomey"-"0", 5608, 113.196731837925
312, "bozotheclown"-"0", 11401, 113.084053342288
313, "Caos Organizado"-"0", 10327, 112.983891249665
314, "Hamilton"-"0", 14577, 112.964065050119
315, "klokskap"-"0", 17060, 112.848295582775
316, "Corwin"-"0", 19452, 112.630045387478
317, "Draugnar"-"1", 10847, 112.284314932481
318, "Red Squirrel"-"0", 15389, 111.885674031673
319, "falsifian"-"0", 21926, 110.950459116872
320, "mel1980"-"1", 21348, 110.936401964044
321, "captainkirk"-"0", 12214, 110.910840614581
322, "doofman"-"0", 19705, 110.89373538539
323, "Hibiskiss"-"0", 14872, 110.888413952888
324, "Jefe"-"0", 3348, 110.871843762012
325, "Vertigo"-"0", 19508, 110.773789454075
326, "Komu"-"0", 19521, 110.773789454075
327, "Code H"-"0", 15191, 110.514313867753
328, "MercuryEnigma"-"0", 17414, 110.514313867753
329, "tmerc"-"0", 21149, 110.450544260575
330, "Biddis"-"0", 15146, 110.41071128943
331, "Countess Tillian"-"0", 10152, 110.094876724621
332, "n8bback"-"0", 12561, 109.828354628563
333, "kostas71"-"0", 11917, 109.747005402495
334, "Sun_Tzu"-"0", 1705, 109.710593537036
335, "Richard III"-"0", 9760, 109.572839033234
336, "bh"-"0", 13076, 109.470915784459
337, "jenspo"-"0", 8919, 109.443451469003
338, "ArmyofDarkness"-"0", 11568, 109.443451469003
339, "jarrah"-"0", 5841, 109.313610287451
340, "EdiBirsan"-"0", 6710, 109.257635359097
341, "lardboy"-"0", 952, 109.147780215042
342, "debjon"-"0", 17699, 109.145447366861
343, "beano003"-"0", 13700, 109.056909321668
344, "the.dibster"-"0", 18656, 108.892379515203
345, "Otto von Boris"-"0", 9222, 108.857508953257
346, "Pedagog"-"0", 11529, 108.764166673663
347, "oldbenjamin"-"0", 7126, 108.749360748665
348, "Vanek26"-"0", 6195, 108.408163265306
349, "omok"-"0", 10985, 108.283976892543
350, "The General"-"0", 14054, 108.254227405248
351, "REX 1"-"0", 18519, 108.163011982916
352, "maokt"-"0", 6603, 108.142038458681
353, "Kashmir"-"0", 7628, 108.142038458681
354, "maverob"-"1", 12817, 108.101665804492
355, "bflynn"-"0", 3856, 107.999788482681
356, "Signalseven"-"0", 1778, 107.955152019992
357, "vilasrao"-"0", 13510, 107.934148895106
358, "andersred"-"0", 11470, 107.930336805711
359, "Captain James Tiberius Kirk"-"0", 10241, 107.809286318409
360, "leadbunnies"-"0", 7990, 107.808976735884
361, "zestythelemon"-"0", 5766, 107.798717627292
362, "Paulsalomon27"-"0", 19107, 107.765172648657
363, "Learned Hand"-"0", 17213, 107.731415087866
364, "jpwalters"-"0", 11043, 107.689117945895
365, "RealityCheque"-"0", 11064, 107.689117945895
366, "Kutu"-"0", 15865, 107.619047619048
367, "LebLebi"-"0", 15930, 107.619047619048
368, "Sin-Han"-"0", 16500, 107.619047619048
369, "Palaiaman"-"0", 20012, 107.619047619048
370, "MMMatt209"-"0", 20052, 107.619047619048
371, "Level6"-"0", 20070, 107.619047619048
372, "nikat"-"1", 21023, 107.619047619048
373, "jeniok"-"0", 21025, 107.619047619048
374, "borka"-"0", 21041, 107.619047619048
375, "TheBrentingtonExperience"-"0", 9292, 107.516317261937
376, "Ndr-Isr"-"0", 10837, 107.516317261937
377, "kaisertimothy"-"0", 11751, 107.516317261937
378, "Crazy Anglican"-"0", 15340, 107.510204081633
379, "Morty1138"-"0", 18447, 107.510204081633
380, "poeben"-"0", 18469, 107.510204081633
381, "Chas Diamond"-"0", 11679, 107.440710000515
382, "Timmi88"-"0", 16680, 107.4351097107
383, "P8er Jackson"-"1", 20074, 107.401360544218
384, "sllippi"-"0", 20087, 107.401360544218
385, "frito"-"0", 20552, 107.401360544218
386, "Noob179"-"0", 19657, 107.338909685886
387, "zhomuth"-"0", 5807, 107.298736637512
388, "mike"-"0", 5932, 107.298736637512
389, "steve.hamer"-"0", 5933, 107.298736637512
390, "Adler"-"0", 9124, 107.292517006803
391, "TheSleepingBear"-"0", 14262, 107.292517006803
392, "lifein2x3"-"0", 20083, 107.292517006803
393, "Zero"-"0", 17310, 107.217633782615
394, "belsherj"-"0", 5834, 107.134089237171
395, "josemurc"-"0", 17667, 107.093133416632
396, "Serioussham"-"0", 16966, 106.893749826461
397, "sweetwatersam"-"0", 19396, 106.893749826461
398, "Feckless Clod"-"0", 4890, 106.641887641932
399, "L1star"-"0", 18481, 106.633643292484
400, "Captain Dave"-"0", 11947, 106.615129591714
401, "abernat"-"0", 11517, 106.613996025988
402, "boolean"-"0", 11232, 106.349037314227
403, "General Maximus"-"0", 15777, 106.319882082855
404, "pashpash"-"0", 19981, 106.319882082855
405, "herrmetternich"-"0", 20312, 106.319882082855
406, "Alderian"-"0", 13677, 106.099543464923
407, "LeoDaVinci"-"0", 18521, 105.970974986035
408, "Ryland"-"0", 21118, 105.793922686751
409, "AutoDavis"-"0", 5731, 105.793617488404
410, "Vulture"-"0", 18593, 105.793617488404
411, "FloatingLakes"-"0", 13890, 105.761556251418
412, "JeffreyN"-"0", 5823, 105.295985965032
413, "stefanodangello"-"0", 17774, 105.136578847761
414, "Anselmo"-"0", 18145, 105.136578847761
415, "TOGANOXIE"-"1", 18515, 105.120166179413
416, "eeezfly"-"0", 17392, 105.090531274243
417, "Betrachter"-"0", 18896, 105.090531274243
418, "Master Splinter"-"0", 3270, 105.087249231109
419, "pauldel"-"0", 20424, 105.087249231109
420, "gencho"-"0", 20593, 105.087249231109
421, "Jester"-"0", 10719, 105.023133342725
422, "foreverloveK"-"1", 4321, 104.88347426567
423, "ldrut"-"0", 6903, 104.88347426567
424, "jotti"-"0", 8607, 104.797590276462
425, "JesterJoker"-"0", 6389, 104.74879907643
426, "Patyrsun"-"1", 20789, 104.709200637641
427, "Pete U"-"0", 15805, 104.703948759856
428, "kol1562"-"0", 16148, 104.678380834625
429, "Prosperity"-"1", 19152, 104.611363580727
430, "undef"-"0", 429, 104.558992927049
431, "Greenzao"-"0", 18682, 104.469929248399
432, "orTOIpedista"-"0", 14572, 104.421775688701
433, "abarros"-"0", 14598, 104.421775688701
434, "Tomba"-"0", 12192, 104.369223929758
435, "Snorri"-"0", 15681, 104.34024183124
436, "alluicious"-"0", 14284, 104.334443632098
437, "lastremnant"-"0", 16125, 104.334443632098
438, "Shrimpy"-"0", 10282, 104.315642865773
439, "gravez"-"0", 12975, 104.315642865773
440, "greendjinn"-"1", 14554, 104.315642865773
441, "Denzel73"-"0", 8328, 104.285714285714
442, "wolfrider"-"0", 8728, 104.285714285714
443, "tailmange"-"0", 17450, 104.285714285714
444, "Phillymon"-"0", 18074, 104.285714285714
445, "Willhelm"-"0", 10116, 104.271921619459
446, "Tadeo7"-"1", 10507, 104.271921619459
447, "Tyrant1"-"1", 11492, 104.204081632653
448, "Valkyrie"-"1", 11493, 104.204081632653
449, "newenglandpatriots"-"1", 16582, 104.204081632653
450, "brettcol93"-"0", 17059, 104.204081632653
451, "pitthound"-"0", 18069, 104.204081632653
452, "Vimak"-"0", 20731, 104.204081632653
453, "Tucobenedicto"-"0", 1696, 104.122448979592
454, "Khan"-"0", 7086, 104.122448979592
455, "semck83"-"0", 12331, 104.122448979592
456, "Piotr"-"0", 13412, 104.122448979592
457, "daroai"-"0", 18005, 104.122448979592
458, "General Jack D. Ripper"-"0", 18846, 104.122448979592
459, "Talaii"-"0", 19967, 104.045481049563
460, "Infinious"-"0", 19970, 104.045481049563
461, "Cthulhubitch"-"0", 19972, 104.045481049563
462, "roleplayer"-"0", 19986, 104.045481049563
463, "Conquistador93"-"0", 14654, 104.043711226702
464, "War Drum"-"0", 19833, 104.011562025166
465, "Chickenhawk"-"0", 21300, 103.996199191866
466, "superchunk"-"0", 10246, 103.992902639379
467, "orgoman666"-"0", 20309, 103.968513119534
468, "Armour144"-"0", 21503, 103.968513119534
469, "jimgov"-"0", 21601, 103.968513119534
470, "Salmaneser"-"0", 66, 103.782067630551
471, "Murat"-"0", 6756, 103.758342676946
472, "ZhuangYH"-"0", 12242, 103.524219644738
473, "jaywink"-"0", 13780, 103.439450664813
474, "PallasAthena"-"0", 16389, 103.40156449583
475, "nickpareto"-"0", 8576, 103.331262271862
476, "Goose1x1x1"-"0", 13889, 103.292828512661
477, "damian"-"0", 8938, 103.253947592669
478, "rlumley"-"1", 10479, 103.174344023324
479, "h0lein0ne"-"0", 15934, 102.965175921176
480, "Ira"-"0", 11491, 102.951693048386
481, "AWA"-"0", 20081, 102.900509752774
482, "Miha"-"0", 11623, 102.598253757208
483, "Turbokrt"-"0", 12209, 102.598253757208
484, "dule"-"0", 12547, 102.598253757208
485, "curtis"-"0", 18233, 102.322924020466
486, "henrytinkler"-"0", 20740, 102.322924020466
487, "loof"-"0", 12344, 102.302867685733
488, "Veggie"-"0", 12352, 102.302867685733
489, "Theias"-"0", 12359, 102.302867685733
490, "Carl"-"0", 19126, 102.285714285714
491, "kriss_96"-"0", 19260, 102.285714285714
492, "vieillebranche"-"0", 19272, 102.285714285714
493, "david.l"-"0", 19426, 102.285714285714
494, "tcw044000"-"0", 21045, 102.220408163265
495, "LtColonelObvious"-"0", 21985, 102.220408163265
496, "NoSho"-"0", 21986, 102.220408163265
497, "CrustyTrout"-"0", 22130, 102.220408163265
498, "Salvatore"-"0", 11886, 102.052954898474
499, "Ursa"-"0", 7276, 101.894709588495
500, "trim101"-"0", 7536, 101.894709588495
501, "pitias"-"0", 5424, 101.816386525958
502, "Rogers"-"0", 18034, 101.795918367347
503, "mikeconroy"-"1", 20153, 101.795918367347
504, "Jafar"-"0", 20057, 101.795918367347
505, "duzenko"-"0", 18431, 101.780031848539
506, "[CC]Kuraigekage"-"0", 18042, 101.705378314591
507, "Jerkface"-"0", 4699, 101.560773666634
508, "Lodevicus"-"0", 8128, 101.537368608964
509, "TheAllKnowing1"-"0", 19604, 101.537368608964
510, "Cesar213"-"0", 20041, 101.537368608964
511, "pkim320"-"0", 19330, 101.39330847994
512, "King_Aeneas"-"0", 19372, 101.39330847994
513, "gfrid"-"0", 19497, 101.39330847994
514, "Mauldinado"-"0", 19544, 101.39330847994
515, "KingConfused"-"0", 19848, 101.39330847994
516, "pootercannon"-"0", 13554, 101.089662020387
517, "msmth82"-"0", 18998, 101.017088176978
518, "StevenC."-"0", 11721, 100.985051014697
519, "miklops"-"0", 15160, 100.985051014697
520, "Boomer13"-"0", 17028, 100.985051014697
521, "washirv"-"0", 12599, 100.952380952381
522, "Mostly Harmless"-"0", 17781, 100.952380952381
523, "sgeek"-"0", 17816, 100.952380952381
524, "NotAboutToBackstabYouHonest"-"0", 18072, 100.952380952381
525, "TheLightBrigade"-"0", 18099, 100.952380952381
526, "SickManofMadison"-"0", 19139, 100.952380952381
527, "BESM"-"0", 6789, 100.921141495655
528, "General Greivous"-"0", 7687, 100.782778288338
529, "Giwald"-"0", 9592, 100.782778288338
530, "Matematico"-"0", 11297, 100.782778288338
531, "donall"-"0", 16572, 100.709306034018
532, "Nietzsche "-"1", 16660, 100.709306034018
533, "Benjamin"-"0", 9316, 100.410161148514
534, "PyroMancer"-"0", 6920, 100.373801149377
535, "Rommeltastic"-"0", 11561, 100.373801149377
536, "pfranklin51"-"0", 21359, 100.289927055411
537, "S.P.A.O."-"0", 7157, 100.050905424193
538, "Chalks"-"0", 9382, 100.050905424193
539, "Shah"-"0", 9655, 100.050905424193
542, "Civil Disorder Germany"-"0", 3, 100
543, "Civil Disorder Italy"-"0", 4, 100
545, "wlievens"-"0", 11, 100
594, "jed"-"0", 62, 100
904, "digitsu"-"0", 376, 100
909, "figlesquidge"-"0", 382, 100
911, "lmatt"-"0", 384, 100
929, "mark999"-"0", 402, 100
1004, "Thirdfain"-"0", 478, 100
1014, "Ralyndi"-"0", 488, 100
1193, "Worldbeing"-"0", 667, 100
1369, "Zogg"-"0", 843, 100
1403, "Noodlebug"-"0", 877, 100
1517, "Zalyana"-"0", 995, 100
1679, "hammerpit9"-"0", 1158, 100
1687, "zukemyliller"-"0", 1166, 100
1728, "Zxylon"-"1", 1207, 100
1975, "Emerson"-"0", 1455, 100
2130, "Schwerpunkt"-"0", 1611, 100
2146, "yellowpajamasson"-"0", 1627, 100
2199, "Sylar"-"0", 1680, 100
2218, "crimson"-"0", 1700, 100
2228, "CountArach"-"0", 1711, 100
2254, "SlkySmoothOtter"-"0", 1737, 100
2258, "Sicarius"-"0", 1741, 100
2330, "theis"-"0", 1814, 100
2340, "Noirin"-"0", 1824, 100
2354, "Dutch Priest"-"0", 1838, 100
2387, "krokodil"-"0", 1871, 100
2458, "swampy11"-"1", 1942, 100
2483, "stoni90"-"0", 1967, 100
2555, "Kent C. Tugood"-"0", 2040, 100
2576, "Vampiero"-"0", 2061, 100
2596, "Dant818"-"0", 2081, 100
2703, "saulberardo"-"0", 2189, 100
2915, "bamed"-"0", 2403, 100
2973, "zrallo"-"0", 2462, 100
3084, "obiwanobiwan"-"0", 2575, 100
3133, "lpereira"-"0", 2624, 100
3172, "bc2000"-"0", 2663, 100
3254, "keeper0018"-"0", 2747, 100
3309, "Cargill"-"0", 2802, 100
3351, "c4l3m"-"0", 2845, 100
3354, "Sirither"-"0", 2848, 100
3410, "RogueMcGyver"-"0", 2905, 100
3450, "Majaii"-"0", 2946, 100
3461, "Nick Douglas"-"0", 2957, 100
3517, "thewonderllama"-"0", 3013, 100
3556, "Conquistador"-"0", 3054, 100
3582, "Ironclad"-"0", 3080, 100
3609, "Shardz"-"0", 3107, 100
3612, "cri_ned"-"0", 3111, 100
3648, "cagatay"-"0", 3147, 100
3744, "flamengo"-"1", 3244, 100
3844, "JonnyBritish"-"0", 3349, 100
3857, "VIOLA"-"0", 3362, 100
3909, "chainmailler"-"0", 3415, 100
3930, "Piazza"-"0", 3437, 100
3984, "Prussian_King"-"0", 3492, 100
4040, "Gobbledydook"-"0", 3552, 100
4052, "GSharp"-"0", 3564, 100
4053, "footballer_22"-"0", 3565, 100
4151, "RBerenguel"-"0", 3665, 100
4152, "jk1974"-"0", 3666, 100
4251, "jerrywongcy"-"0", 3765, 100
4260, "fearlessmidget"-"0", 3774, 100
4317, "bernielau"-"1", 3831, 100
4370, "pokemon trainer"-"0", 3885, 100
4440, "haer"-"0", 3958, 100
4523, "Tman401"-"0", 4044, 100
4544, "sinned"-"0", 4065, 100
4545, "doomreaper44"-"0", 4066, 100
4563, "Henry Kissinger"-"0", 4085, 100
4579, "Thanix"-"0", 4103, 100
4580, "neogeo"-"0", 4104, 100
4617, "GaryOak"-"1", 4141, 100
4623, "Comrade"-"0", 4148, 100
4627, "icanhazconquest"-"0", 4152, 100
4642, "Sorel"-"0", 4167, 100
4666, "Sm3llymcg3e3"-"1", 4191, 100
4680, "Chiropractisopher"-"0", 4205, 100
4713, "mansea"-"1", 4239, 100
4751, "MarkP"-"0", 4278, 100
4763, "Oxygen"-"0", 4290, 100
4788, "shad08"-"0", 4315, 100
4832, "positron"-"0", 4391, 100
4899, "Mcshade"-"0", 4458, 100
4917, "Rasputin31"-"0", 4476, 100
4918, "Iggy24"-"0", 4477, 100
4931, "DHSRules"-"0", 4491, 100
4955, "swood"-"0", 4515, 100
4959, "lukes924"-"0", 4519, 100
4993, "habs fanatic"-"0", 4553, 100
5004, "Brutorix"-"0", 4564, 100
5006, "Puebloune"-"0", 4566, 100
5025, "djsmac"-"0", 4585, 100
5051, "Running man"-"1", 4613, 100
5080, "grandconquerer"-"1", 4643, 100
5089, "HbHadast"-"0", 4652, 100
5119, "patlondon"-"0", 4682, 100
5171, "Gromotthias"-"0", 4737, 100
5173, "phsoccer"-"0", 4739, 100
5182, "polska"-"0", 4748, 100
5224, "fraushai"-"0", 4792, 100
5231, "bellihood"-"1", 4800, 100
5235, "rombobombo"-"1", 4804, 100
5250, "Yggame"-"0", 4820, 100
5255, "Zarathustra"-"0", 4825, 100
5261, "DeathOfRats"-"0", 4831, 100
5299, "Ralfi"-"0", 4869, 100
5324, "GuanShao"-"0", 4895, 100
5342, "Sir Leon"-"0", 4913, 100
5363, "Walliard"-"0", 4934, 100
5371, "brent"-"0", 4944, 100
5374, "Qing Shi Hwang"-"0", 4948, 100
5382, "Bank of England"-"0", 4956, 100
5392, "Xyathn"-"1", 4967, 100
5393, "Goddess"-"0", 4968, 100
5418, "CdreChris"-"0", 4995, 100
5424, "Alan3"-"0", 5001, 100
5427, "ydiplomacy"-"0", 5004, 100
5432, "Zaruku"-"0", 5009, 100
5438, "Crashless"-"0", 5015, 100
5441, "Ihr Fuhrer"-"0", 5019, 100
5465, "HomeRunner"-"0", 5045, 100
5466, "el_maestro"-"0", 5046, 100
5467, "D-NASTY"-"0", 5047, 100
5477, "ajohnson"-"0", 5057, 100
5488, "Kangaroo"-"1", 5069, 100
5492, "Bengoa"-"0", 5073, 100
5507, "Civil Disorder Kestas"-"0", 5088, 100
5510, "reptar_69"-"0", 5091, 100
5525, "Memnon"-"0", 5106, 100
5531, "Fuzzy Bunny"-"0", 5112, 100
5534, "delek"-"0", 5115, 100
5539, "Vexmen18"-"0", 5120, 100
5540, "canute"-"1", 5121, 100
5541, "riose"-"0", 5122, 100
5549, "Dolinho"-"0", 5130, 100
5572, "Hewlett"-"0", 5155, 100
5573, "yggame2"-"0", 5156, 100
5578, "TinTin"-"1", 5161, 100
5592, "Careless"-"1", 5176, 100
5597, "PirateJack"-"0", 5181, 100
5602, "Captain Awsome"-"0", 5186, 100
5605, "2002ozzy"-"0", 5189, 100
5606, "owenreading"-"0", 5190, 100
5607, "MarkIrwin"-"0", 5191, 100
5612, "paulharrison"-"0", 5196, 100
5614, "Death3965"-"0", 5199, 100
5619, "jagavahn"-"0", 5204, 100
5629, "carnivalmafia"-"0", 5215, 100
5640, "taira_kiyomori"-"0", 5228, 100
5650, "ynneb"-"0", 5238, 100
5658, "Von Woestein"-"0", 5246, 100
5661, "Giramondo"-"0", 5249, 100
5663, "bluesharp"-"0", 5251, 100
5668, "Macari"-"0", 5256, 100
5686, "aum"-"0", 5275, 100
5706, "michaelheroux"-"0", 5296, 100
5712, "Napolean"-"0", 5302, 100
5746, "maxfrog"-"0", 5336, 100
5748, "Arktivilist"-"0", 5338, 100
5762, "AirForceWon"-"0", 5354, 100
5767, "Sylvania"-"0", 5359, 100
5771, "Boani"-"0", 5363, 100
5804, "menace3society"-"0", 5398, 100
5807, "Pacho"-"0", 5401, 100
5814, "venek"-"0", 5408, 100
5820, "napoleon7"-"0", 5414, 100
5824, "Merk"-"0", 5418, 100
5830, "estebandlc"-"0", 5425, 100
5834, "JohnnyValdez"-"0", 5429, 100
5836, "fidel"-"0", 5431, 100
5850, "HoratioCaine"-"0", 5445, 100
5854, "iNaccris"-"0", 5449, 100
5856, "A-Strat"-"0", 5451, 100
5858, "Killz4Thrillz"-"0", 5453, 100
5865, "Mumfy Gato"-"0", 5460, 100
5867, "habu117"-"0", 5462, 100
5869, "slayero9"-"0", 5464, 100
5878, "TokugawaIeyasu"-"0", 5473, 100
5885, "track4life91"-"0", 5480, 100
5886, "Shino"-"0", 5481, 100
5892, "Katsarephat"-"0", 5487, 100
5902, "Commander Thomas "-"0", 5497, 100
5905, "lars"-"0", 5500, 100
5908, "ChackyJan"-"0", 5503, 100
5909, "angstpuppet"-"0", 5504, 100
5916, "SparkzCypher"-"0", 5511, 100
5918, "Commander David"-"0", 5513, 100
5920, "Affront"-"0", 5515, 100
5921, "VintageMarinara"-"1", 5516, 100
5924, "Rancador"-"0", 5519, 100
5926, "General Landry"-"0", 5521, 100
5943, "DeaconBlues"-"0", 5538, 100
5946, "ryokid989"-"0", 5541, 100
5947, "Killmania"-"0", 5542, 100
5956, "WhiteSammy"-"0", 5551, 100
5962, "Sebuturn"-"0", 5557, 100
5973, "XCW"-"0", 5568, 100
5978, "BifWiggles"-"0", 5573, 100
5982, "Kristopher"-"0", 5577, 100
5986, "Moredhel"-"0", 5581, 100
5993, "ever_memorable"-"0", 5588, 100
6002, "deanfrz"-"0", 5597, 100
6006, "koetest37"-"0", 5601, 100
6009, "sundwn"-"1", 5604, 100
6014, "turkish"-"0", 5610, 100
6019, "carne"-"0", 5616, 100
6021, "kiv"-"0", 5618, 100
6036, "William_the_Great"-"0", 5633, 100
6041, "corley989"-"0", 5638, 100
6044, "zcarzach"-"0", 5641, 100
6049, "Generale Fedro "-"0", 5646, 100
6052, "RampantLion"-"0", 5649, 100
6053, "Puddle"-"0", 5650, 100
6071, "cumcheeks (.Y.)"-"0", 5668, 100
6111, "Gruntathon"-"0", 5708, 100
6113, "crazysneak"-"0", 5710, 100
6118, "peterlustig"-"0", 5715, 100
6119, "jackylol"-"0", 5716, 100
6142, "cteno4"-"0", 5740, 100
6159, "sirhc"-"0", 5757, 100
6175, "Aric"-"0", 5774, 100
6176, "uclabb"-"0", 5775, 100
6181, "DarioD"-"0", 5781, 100
6183, "Mrlimmer"-"0", 5783, 100
6197, "semler20"-"0", 5797, 100
6201, "(::::::::::::::::::)"-"0", 5801, 100
6217, "KillCat"-"0", 5818, 100
6222, "facilitator"-"0", 5824, 100
6230, "rakkar"-"0", 5832, 100
6242, "karlyguy"-"0", 5846, 100
6257, "xingow"-"0", 5861, 100
6258, "ZauraK"-"0", 5862, 100
6264, "lorentz"-"0", 5868, 100
6280, "Ballack"-"0", 5884, 100
6282, "averyskijunky"-"0", 5886, 100
6293, "joltmanshs"-"0", 5897, 100
6305, "Marinero"-"0", 5909, 100
6315, "10avery"-"0", 5919, 100
6317, "carlosmartin1974"-"0", 5921, 100
6328, "Frujin"-"0", 5934, 100
6331, "TheEmperor"-"0", 5937, 100
6332, "Lover"-"0", 5938, 100
6336, "bonecollector"-"0", 5942, 100
6357, "ShinyGerbil"-"0", 5964, 100
6358, "laurence208y"-"0", 5965, 100
6360, "starrain"-"0", 5967, 100
6365, "skelly97"-"0", 5973, 100
6368, "saffordpc"-"0", 5976, 100
6369, "exrow13"-"0", 5977, 100
6384, "mtn220"-"0", 5992, 100
6406, "greeble"-"0", 6014, 100
6439, "qoou"-"0", 6047, 100
6474, "danielz"-"0", 6082, 100
6483, "0x44"-"0", 6091, 100
6497, "nitish"-"0", 6105, 100
6504, "q93"-"0", 6112, 100
6510, "IBethune"-"0", 6118, 100
6521, "Hapahauli"-"0", 6129, 100
6531, "HERRGENERAL"-"0", 6140, 100
6534, "Furco"-"0", 6143, 100
6547, "Robbenklopper"-"0", 6156, 100
6563, "jpchewy01"-"0", 6172, 100
6566, "Siva"-"0", 6175, 100
6587, "mapleleafrulz"-"1", 6197, 100
6594, "tachikoma"-"0", 6204, 100
6607, "nathanscout"-"0", 6217, 100
6608, "garistarch"-"0", 6218, 100
6611, "Trevor"-"0", 6221, 100
6664, "azazel"-"0", 6277, 100
6665, "Caviare"-"0", 6278, 100
6673, "azzaron"-"0", 6286, 100
6676, "PiLant"-"0", 6289, 100
6680, "thisishui"-"0", 6294, 100
6698, "Moose Hole"-"0", 6312, 100
6721, "V!OLIST"-"0", 6336, 100
6722, "SoldierRyan"-"0", 6337, 100
6745, "GoodGuy"-"0", 6360, 100
6756, "warsprite"-"0", 6371, 100
6758, "General Cody"-"0", 6373, 100
6767, "Arcane"-"0", 6382, 100
6777, "sey_03100"-"0", 6393, 100
6790, "Black Cherry"-"0", 6406, 100
6795, "backstabber"-"0", 6411, 100
6824, "TsarPjotrX"-"0", 6440, 100
6830, "Fidobot"-"0", 6446, 100
6831, "DeliciousWolf"-"0", 6447, 100
6832, "amsgnoj"-"0", 6448, 100
6850, "Cestmoi"-"0", 6467, 100
6882, "GinaMarie"-"0", 6499, 100
6909, "Iidhaegn"-"0", 6526, 100
6915, "Julien"-"0", 6532, 100
6965, "po8crg"-"0", 6584, 100
6968, "Asmodeus"-"0", 6587, 100
6983, "silo"-"0", 6602, 100
7017, "vasvla"-"0", 6637, 100
7032, "RiffArt"-"0", 6652, 100
7036, "firefly12"-"0", 6656, 100
7053, "usal"-"0", 6673, 100
7062, "bobonumber1"-"0", 6682, 100
7063, "last night"-"0", 6683, 100
7064, "Whitty"-"0", 6684, 100
7067, "Dan the Man"-"0", 6687, 100
7091, "Spam"-"0", 6712, 100
7126, "Bl00dNinja"-"0", 6749, 100
7140, "archduke"-"1", 6764, 100
7161, "Tolstoy"-"0", 6785, 100
7196, "Arsenius"-"0", 6822, 100
7202, "flattman"-"0", 6828, 100
7254, "DrOct"-"0", 6880, 100
7255, "suriv"-"0", 6881, 100
7263, "DickTracy47"-"0", 6890, 100
7281, "StonedRaider"-"0", 6910, 100
7297, "Devil"-"0", 6927, 100
7300, "Amalgam"-"0", 6930, 100
7302, "cotydogger"-"0", 6932, 100
7334, "senor columbia"-"0", 6965, 100
7358, "Keslo"-"0", 6989, 100
7375, "frambooz"-"0", 7007, 100
7383, "hermanobrown"-"0", 7016, 100
7384, "synthesis8"-"0", 7017, 100
7392, "MJT123"-"0", 7025, 100
7413, "Caedus"-"1", 7047, 100
7427, "secure75"-"0", 7061, 100
7437, "BlackKnight"-"0", 7071, 100
7452, "phpDragginfly"-"0", 7087, 100
7462, "scaael04"-"0", 7097, 100
7470, "Happyfunball"-"0", 7105, 100
7472, "Kerzhakov"-"0", 7107, 100
7495, "Genghis Bonaparte the Great"-"0", 7131, 100
7499, "ava2790"-"0", 7135, 100
7506, "Dkyrios"-"0", 7142, 100
7570, "Breskur"-"0", 7208, 100
7574, "LetUsSmile"-"0", 7212, 100
7593, "Archonix"-"0", 7231, 100
7599, "mps247"-"0", 7237, 100
7662, "Marechal Ney"-"0", 7303, 100
7713, "fastrap"-"0", 7355, 100
7722, "starki"-"0", 7364, 100
7763, "LouisXIV"-"0", 7405, 100
7772, "Qiao"-"0", 7414, 100
7773, "Hellboy575"-"0", 7415, 100
7780, "Davidr"-"0", 7422, 100
7793, "Petrojkso"-"0", 7435, 100
7810, "Fbgav"-"0", 7452, 100
7816, "goat"-"0", 7458, 100
7833, "glynnenstein"-"0", 7476, 100
7843, "Kaiser Friedrich II."-"0", 7486, 100
7866, "ngs109"-"0", 7510, 100
7912, "Arkantos"-"0", 7557, 100
7923, "Hullabalooza"-"0", 7569, 100
7967, "diegobarcos"-"0", 7613, 100
7995, "youradhere"-"0", 7643, 100
8014, "LinkPhoenix"-"0", 7662, 100
8032, "iching"-"1", 7680, 100
8064, "Ryan von Bismarck"-"0", 7713, 100
8067, "schnurstrax"-"0", 7716, 100
8076, "Dude2490"-"0", 7725, 100
8089, "Johnny Cash"-"0", 7739, 100
8106, "as"-"0", 7757, 100
8167, "Gothmog1065"-"0", 7818, 100
8173, "bin_kid"-"0", 7824, 100
8182, "UltraKid"-"0", 7833, 100
8191, "s1n50"-"0", 7842, 100
8200, "N1ghthawk"-"1", 7851, 100
8271, "Sgt_Sherm"-"0", 7923, 100
8289, "TeamAwesome"-"0", 7942, 100
8295, "Abydos1"-"0", 7948, 100
8299, "frodo"-"1", 7952, 100
8318, "Barakuda"-"0", 7971, 100
8319, "xyz11"-"0", 7972, 100
8321, "Atx-300"-"0", 7974, 100
8322, "King_DDR"-"0", 7975, 100
8323, "M52L"-"0", 7976, 100
8325, "Stimpatch"-"0", 7979, 100
8330, "Jericho"-"0", 7985, 100
8331, "DominationNOW"-"1", 7986, 100
8332, "kolleginMitDiplom"-"0", 7987, 100
8368, "TheCheeseStandsAlone"-"0", 8027, 100
8379, "bin_kitty"-"0", 8038, 100
8394, "Belgarath"-"0", 8053, 100
8396, "Zethios"-"0", 8055, 100
8398, "p.Tea"-"0", 8057, 100
8412, "Ming"-"0", 8072, 100
8465, "Fuzzy Wuzzy"-"0", 8126, 100
8466, "me mad? are you insane?"-"0", 8127, 100
8472, "Stevy"-"0", 8134, 100
8475, "Machiavelli"-"1", 8137, 100
8485, "GordonHo"-"0", 8147, 100
8487, "battle_chief_92"-"0", 8149, 100
8490, "B3ast"-"0", 8152, 100
8491, "Chickpea"-"0", 8153, 100
8494, "whalen"-"0", 8156, 100
8510, "Samoht_2310"-"0", 8172, 100
8515, "Cracklover"-"0", 8177, 100
8541, "blkblt"-"0", 8203, 100
8546, "FINALmasa"-"0", 8208, 100
8549, "jadayne"-"0", 8211, 100
8579, "Prefect1"-"0", 8242, 100
8603, "airey"-"0", 8266, 100
8629, "Inoxxicate"-"0", 8293, 100
8634, "superkeiko"-"0", 8298, 100
8640, "Tup"-"1", 8304, 100
8669, "wideyedwanderer"-"0", 8334, 100
8691, "Citycas"-"0", 8356, 100
8692, "mckayje3"-"0", 8357, 100
8714, "Invictus"-"0", 8379, 100
8743, "Brbkrusk"-"0", 8408, 100
8746, "kaner406"-"0", 8411, 100
8783, "sphefx"-"0", 8450, 100
8791, "Dunatis"-"0", 8458, 100
8792, "klingsor123"-"0", 8459, 100
8797, "ZibaLaZiba"-"0", 8464, 100
8815, "SecretAgentS"-"0", 8482, 100
8868, "legaiato"-"0", 8535, 100
8877, "Frelock"-"0", 8544, 100
8901, "sniper4625"-"0", 8569, 100
8902, "Kashyyk"-"0", 8570, 100
8927, "BlueMax"-"1", 8596, 100
8932, "lazysummer8484"-"1", 8601, 100
8975, "holymoses"-"0", 8645, 100
9021, "pablo_renaud"-"0", 8691, 100
9031, "Artemin"-"0", 8701, 100
9036, "jardizzle"-"0", 8706, 100
9056, "Andruferus"-"0", 8726, 100
9085, "Mr. Yuck"-"0", 8756, 100
9102, "jhsu"-"0", 8773, 100
9106, "Samo"-"0", 8777, 100
9107, "k8"-"0", 8778, 100
9131, "blackbelt614"-"0", 8802, 100
9137, "The Commodore"-"0", 8808, 100
9163, "ninashake"-"0", 8834, 100
9174, "Mr.Coolio"-"0", 8845, 100
9188, "Waldstejn"-"0", 8859, 100
9217, "J3ny"-"0", 8888, 100
9234, "Anshikuu"-"0", 8905, 100
9304, "Sir Stanfield"-"0", 8977, 100
9342, "gordonpup"-"0", 9016, 100
9368, "Mr Mum"-"0", 9042, 100
9379, "Mick"-"0", 9053, 100
9400, "nhonerkamp"-"0", 9074, 100
9413, "Aussie"-"0", 9088, 100
9444, "shotokan213"-"0", 9119, 100
9456, "fullautonick"-"0", 9132, 100
9468, "nicholasavallone"-"0", 9144, 100
9492, "maxgray"-"0", 9168, 100
9506, "Gaulgath"-"0", 9182, 100
9526, "Magnus the Red"-"0", 9202, 100
9545, "LordDylan"-"0", 9223, 100
9589, "My_name_is_Mud"-"0", 9269, 100
9602, "tcousineau"-"0", 9282, 100
9617, "ara"-"0", 9298, 100
9676, "SirBayer"-"0", 9358, 100
9677, "worlcrisis"-"0", 9359, 100
9685, "samazing18"-"0", 9367, 100
9704, "Simon"-"0", 9387, 100
9710, "Fallout"-"0", 9393, 100
9716, "Lizard"-"0", 9399, 100
9718, "RJJohnson"-"0", 9401, 100
9742, "Evildemon989"-"0", 9425, 100
9824, "eric.n.whalen"-"0", 9507, 100
9851, "p4321"-"0", 9534, 100
9854, "sentient_6"-"0", 9537, 100
9875, "newt"-"0", 9558, 100
9894, "SteevoKun"-"0", 9577, 100
9898, "girmo"-"0", 9581, 100
9902, "flyboy"-"1", 9585, 100
9928, "Tarablus"-"1", 9612, 100
9940, "Su Padre"-"0", 9624, 100
9950, "Piper"-"0", 9635, 100
9953, "HangmansJoke"-"0", 9638, 100
9969, "Flatulence"-"0", 9654, 100
9994, "jalbatross"-"0", 9680, 100
10034, "ManWithA_Plan"-"1", 9721, 100
10041, "bit"-"0", 9728, 100
10087, "roragons"-"0", 9776, 100
10092, "Werner"-"0", 9781, 100
10111, "phd_in_php"-"1", 9800, 100
10134, "andreaforzoni"-"0", 9823, 100
10142, "chese79"-"0", 9831, 100
10152, "myst"-"0", 9842, 100
10158, "lehoangel"-"0", 9848, 100
10170, "majia1"-"1", 9860, 100
10171, "majia2"-"1", 9861, 100
10172, "majia3"-"1", 9862, 100
10173, "majia4"-"1", 9863, 100
10174, "majia5"-"1", 9864, 100
10175, "majia6"-"1", 9865, 100
10213, "Gandalf Grayhame"-"0", 9903, 100
10243, "billsfan43"-"0", 9933, 100
10251, "CaptBrooce"-"0", 9941, 100
10273, "zephyris"-"0", 9963, 100
10305, "O'Brien"-"0", 9996, 100
10311, "bords"-"0", 10002, 100
10312, "president pericles"-"0", 10003, 100
10339, "Foggy"-"0", 10032, 100
10348, "Albatard"-"1", 10042, 100
10369, "col.goose10"-"0", 10063, 100
10371, "reliX"-"0", 10065, 100
10378, "papapopo"-"0", 10072, 100
10399, "general"-"0", 10093, 100
10422, "Culoman"-"0", 10117, 100
10423, "Belcebon"-"0", 10118, 100
10462, "??????????"-"0", 10160, 100
10513, "mcbooyah"-"0", 10213, 100
10557, "stephan"-"0", 10260, 100
10560, "footballflirt"-"1", 10263, 100
10561, "Headless Horseman"-"0", 10264, 100
10564, "gabgirl15"-"0", 10267, 100
10566, "Viper"-"0", 10269, 100
10602, "talksalot"-"0", 10306, 100
10618, "Michael93"-"0", 10322, 100
10686, "TheBorg"-"1", 10392, 100
10710, "thejoeman"-"0", 10417, 100
10779, "JohnKFisher"-"0", 10487, 100
10791, "AdmiralofJapaneseNavy"-"0", 10499, 100
10810, "jwalters93"-"0", 10520, 100
10839, "qwerty"-"0", 10551, 100
10841, "ter"-"0", 10553, 100
10844, "cdleonard"-"0", 10556, 100
10872, "ant_the_horrible"-"0", 10584, 100
10890, "ScottDa3"-"0", 10604, 100
10901, "CountDuku"-"0", 10615, 100
10904, "2a"-"0", 10618, 100
10929, "Nocturnalbamf"-"0", 10644, 100
10933, "wee_alex"-"0", 10648, 100
10947, "dubmdell"-"0", 10663, 100
10970, "dostoevsky"-"0", 10687, 100
10982, "chelseapip"-"0", 10699, 100
11006, "jman777"-"0", 10724, 100
11014, "The Mikado"-"0", 10732, 100
11129, "spirnie"-"0", 10849, 100
11141, "london614"-"1", 10861, 100
11142, "airborne"-"0", 10862, 100
11156, "Guille"-"0", 10877, 100
11181, "Alvar81"-"0", 10902, 100
11194, "SpeakerToAliens"-"0", 10915, 100
11209, "WarMaster7"-"0", 10930, 100
11215, "Sanateer"-"0", 10936, 100
11275, "Boss"-"0", 11001, 100
11310, "Shelby"-"0", 11036, 100
11311, "sharon1227"-"0", 11037, 100
11324, "raylottery"-"0", 11052, 100
11386, "KaDargo"-"0", 11115, 100
11393, "prsman27"-"0", 11122, 100
11399, "Diplomat"-"0", 11128, 100
11452, "roddy"-"0", 11181, 100
11501, "trip"-"0", 11231, 100
11502, "Adam Wayne"-"0", 11233, 100
11560, "Major Malfunction"-"0", 11291, 100
11600, "jimdes"-"0", 11332, 100
11601, "Wizuhd"-"0", 11333, 100
11613, "SuperFlyDaddio"-"0", 11346, 100
11683, "Sauron"-"1", 11420, 100
11685, "MajorShenanigans"-"0", 11422, 100
11725, "ulfurr"-"0", 11463, 100
11734, "TheEuropean"-"0", 11473, 100
11738, "leamon1"-"0", 11477, 100
11754, "hitogoroshi"-"0", 11496, 100
11765, "amonkeyperson"-"0", 11507, 100
11784, "SonyG459"-"0", 11528, 100
11816, "Kappi"-"0", 11562, 100
11830, "alexev"-"0", 11577, 100
11831, "douglasefresh"-"0", 11578, 100
11842, "nshadle19"-"0", 11589, 100
11857, "jiaflu"-"0", 11604, 100
11870, "Eolmar"-"0", 11617, 100
11880, "Havoc "-"0", 11628, 100
11885, "afrobenji"-"0", 11633, 100
11887, "Schambers"-"0", 11635, 100
11890, "Dreezy"-"1", 11638, 100
11904, "cannonballz"-"0", 11653, 100
11927, "TheBombDiggity"-"0", 11676, 100
11938, "rezanhakbilen"-"0", 11688, 100
11949, "shneve"-"0", 11699, 100
11965, "Thrillhouse"-"0", 11715, 100
11966, "jcmellonballs"-"0", 11716, 100
11967, "joshoe17"-"0", 11717, 100
11977, "in watercolor"-"0", 11728, 100
12008, "CobraCommander"-"0", 11760, 100
12049, "FrankinFingerz"-"0", 11801, 100
12051, "tsloan"-"0", 11803, 100
12078, "Neuro_Violation"-"0", 11831, 100
12094, "michdm"-"0", 11847, 100
12132, "tenrten"-"0", 11885, 100
12153, "komase"-"0", 11908, 100
12176, "Poseidon"-"0", 11932, 100
12182, "GhostsInc"-"0", 11938, 100
12186, "hes_dead_jim"-"1", 11942, 100
12189, "Kowalski"-"0", 11945, 100
12194, "gremlins"-"0", 11951, 100
12204, "Onar"-"0", 11961, 100
12264, "Aad de Nooijer"-"0", 12023, 100
12275, "thymin"-"0", 12034, 100
12279, "Mikeburk"-"0", 12038, 100
12283, "mikael_gr&oslash;n"-"0", 12042, 100
12296, "DiomedesRage"-"0", 12056, 100
12301, "GoldenHorde"-"0", 12061, 100
12302, "spiralOut"-"0", 12062, 100
12303, "TheNoodleIncident"-"0", 12064, 100
12316, "HonestAbe"-"0", 12077, 100
12323, "Lostprophet42"-"0", 12084, 100
12330, "toad"-"0", 12091, 100
12348, "RajSahae"-"0", 12110, 100
12350, "muzscman"-"0", 12112, 100
12357, "squidge"-"0", 12119, 100
12383, "burningpuppies101"-"0", 12145, 100
12398, "crazypenguin"-"0", 12160, 100
12430, "cdublu"-"0", 12193, 100
12434, "Erev"-"0", 12197, 100
12443, "DavitB"-"0", 12207, 100
12445, "AlenS"-"0", 12210, 100
12472, "Spakiz"-"0", 12238, 100
12479, "Khadon"-"0", 12246, 100
12511, "Altair_"-"0", 12279, 100
12513, "himethisisme"-"0", 12281, 100
12563, "nowandlater"-"1", 12332, 100
12564, "ieetwurmz"-"1", 12333, 100
12565, "___"-"1", 12334, 100
12568, "smokinace"-"1", 12337, 100
12569, "crumbilina"-"1", 12338, 100
12570, "firedonkey!"-"1", 12339, 100
12589, "joc"-"0", 12362, 100
12594, "charly"-"0", 12367, 100
12609, "jdepps13"-"0", 12382, 100
12612, "ARANGEL"-"1", 12385, 100
12647, "DanEcht"-"0", 12422, 100
12657, "Padishah"-"0", 12432, 100
12658, "kanted"-"0", 12433, 100
12663, "jbalcorn"-"0", 12438, 100
12690, "IKE"-"0", 12466, 100
12693, "JackT"-"0", 12469, 100
12703, "LiesAllLies"-"0", 12479, 100
12714, "Mole24"-"0", 12490, 100
12734, "civil disorder..."-"0", 12511, 100
12738, "Protein"-"0", 12515, 100
12740, "j0nne"-"0", 12517, 100
12743, "Lucky"-"0", 12520, 100
12749, "Rare Eagle"-"0", 12527, 100
12768, "Nobby"-"0", 12546, 100
12780, "joc0604"-"0", 12559, 100
12791, "Skenderbeg"-"0", 12572, 100
12804, "Gillian"-"0", 12585, 100
12811, "Sandokan"-"0", 12592, 100
12820, "sivec"-"0", 12602, 100
12833, "stillwaterguitars"-"0", 12615, 100
12840, "alexwilder"-"0", 12622, 100
12850, "akssoon"-"0", 12633, 100
12854, "tab"-"0", 12637, 100
12858, "Oachkatzl"-"0", 12641, 100
12866, "goeb"-"0", 12649, 100
12867, "drassixe"-"0", 12650, 100
12869, "Mr. Burns"-"1", 12652, 100
12891, "The Walrus"-"0", 12674, 100
12912, "hey dude 103"-"0", 12695, 100
12990, "Longshanks"-"0", 12773, 100
12996, "hitchhiker"-"0", 12779, 100
12999, "Daro"-"0", 12782, 100
13005, "Alexander the Great"-"0", 12788, 100
13006, "scottrobroy"-"0", 12789, 100
13007, "jzul"-"0", 12790, 100
13040, "Ed81"-"0", 12825, 100
13042, "pgarland690"-"0", 12827, 100
13046, "iMurk789"-"0", 12831, 100
13061, "Sendler"-"0", 12846, 100
13066, "ahmetpiyade93"-"0", 12851, 100
13083, "JoshChilsdon"-"0", 12868, 100
13086, "czechveck"-"0", 12871, 100
13109, "CommunistWaffle"-"0", 12894, 100
13110, "strex"-"0", 12895, 100
13136, "Joey_sucks"-"0", 12921, 100
13138, "topdawg"-"0", 12923, 100
13150, "48v4stepansk"-"0", 12935, 100
13152, "ama66144"-"0", 12937, 100
13164, "laurenceofarabia"-"0", 12949, 100
13165, "formidablescent"-"0", 12950, 100
13169, "AngelaMerkel"-"1", 12954, 100
13174, "bradpara"-"0", 12959, 100
13193, "scott101"-"0", 12979, 100
13253, "Senor_Nervioso"-"0", 13040, 100
13257, "Oraje Chimera"-"0", 13044, 100
13314, "Havok"-"0", 13102, 100
13327, "WA-Kusiag"-"0", 13115, 100
13333, "Raiju"-"0", 13121, 100
13358, "CoachShack"-"0", 13146, 100
13371, "Kusiag"-"0", 13159, 100
13375, "Iavid"-"0", 13163, 100
13389, "davatk"-"0", 13177, 100
13402, "jacjac1214"-"0", 13190, 100
13403, "EmperorJake"-"0", 13191, 100
13407, "sir692"-"0", 13195, 100
13432, "lacorp"-"0", 13220, 100
13467, "cyrius"-"0", 13255, 100
13470, "LazerBoy94"-"0", 13258, 100
13483, "scotch_knight"-"0", 13271, 100
13513, "Mr.Lombardi34"-"0", 13301, 100
13532, "MaikMik"-"0", 13320, 100
13533, "karl ruprecht kroenen"-"0", 13321, 100
13602, "seldon"-"0", 13391, 100
13624, "Grumio"-"0", 13414, 100
13636, "Soveliss"-"0", 13426, 100
13638, "mdmorgan"-"0", 13428, 100
13650, "b_ruegg"-"0", 13440, 100
13652, "nmorgan"-"0", 13442, 100
13655, "Skittler"-"0", 13445, 100
13696, "fwedo"-"0", 13486, 100
13705, "Franz-Joseph"-"0", 13495, 100
13744, "SpookyOnRye"-"0", 13536, 100
13745, "Calvin"-"1", 13537, 100
13757, "Corlon"-"0", 13549, 100
13775, "hoboace"-"0", 13569, 100
13783, "gerwag"-"0", 13577, 100
13786, "childen"-"0", 13580, 100
13790, "DeeMoney711"-"0", 13584, 100
13809, "natnziggy"-"0", 13603, 100
13830, "phatputin"-"0", 13624, 100
13855, "Azhei88"-"0", 13650, 100
13872, "ChuckN"-"0", 13669, 100
13896, "Magistrate"-"0", 13694, 100
13908, "mlempic2"-"0", 13707, 100
13919, "omarvino"-"0", 13718, 100
13937, "grahamule"-"0", 13736, 100
13990, "Doc_S"-"0", 13790, 100
14002, "Hallett"-"0", 13802, 100
14028, "sixchips600"-"0", 13828, 100
14041, "GeneralBattle"-"0", 13842, 100
14056, "RainWest"-"0", 13857, 100
14057, "Seminole24"-"0", 13858, 100
14068, "~Geo~"-"0", 13871, 100
14070, "ScottVal"-"0", 13873, 100
14110, "davidney"-"0", 13916, 100
14133, "Crealay"-"0", 13939, 100
14139, "amaral1500"-"0", 13945, 100
14145, "Daedalus"-"0", 13951, 100
14172, "papaiNoel"-"0", 13978, 100
14173, "euMesmo"-"0", 13979, 100
14174, "toNemAi"-"0", 13980, 100
14175, "naoSei"-"0", 13981, 100
14176, "pd2"-"0", 13982, 100
14177, "pd3"-"0", 13983, 100
14195, "chinter"-"0", 14001, 100
14205, "canada100"-"0", 14011, 100
14215, "csd1"-"0", 14021, 100
14233, "bishopofRome"-"1", 14039, 100
14250, "ALAMO"-"0", 14057, 100
14275, "Scotsh"-"0", 14082, 100
14276, "john@goadsoft.net"-"1", 14083, 100
14289, "I am Thor Hear me Roar"-"0", 14097, 100
14294, "iron2004"-"0", 14102, 100
14320, "JEccles"-"0", 14128, 100
14331, "9mm"-"0", 14139, 100
14336, "Abdul"-"0", 14144, 100
14351, "jasoncollins"-"0", 14160, 100
14363, "Says You"-"0", 14172, 100
14376, "kreilly89"-"0", 14185, 100
14379, "McHuff"-"0", 14188, 100
14382, "conan148"-"0", 14191, 100
14403, "theonewhosings93"-"0", 14212, 100
14420, "Quadsniper"-"0", 14229, 100
14428, "Odin"-"0", 14237, 100
14430, "Reventlov"-"0", 14239, 100
14432, "Bubbles"-"0", 14241, 100
14434, "ThEaNgEl7"-"0", 14243, 100
14441, "horsepower"-"0", 14250, 100
14447, "Knights Dawn"-"0", 14256, 100
14494, "DJEcc24"-"0", 14305, 100
14501, "Pinguino Mortificato"-"0", 14312, 100
14534, "Panthers"-"0", 14345, 100
14536, "JonnyDomestik"-"0", 14347, 100
14549, "Jewman11"-"0", 14360, 100
14596, "nighty99"-"0", 14408, 100
14615, "qvando"-"0", 14427, 100
14621, "Ze Dwagon"-"1", 14433, 100
14654, "OMGNSO"-"0", 14466, 100
14666, "Ukla"-"0", 14478, 100
14674, "Septhy"-"0", 14486, 100
14686, "A Falling Leaf"-"0", 14498, 100
14688, "Garrett"-"0", 14500, 100
14709, "Che Guerrara"-"0", 14521, 100
14720, "Boroth"-"0", 14532, 100
14743, "luccifer"-"0", 14556, 100
14748, "Shatov"-"0", 14561, 100
14782, "El_Bernardo"-"0", 14597, 100
14786, "Ricizzle"-"0", 14602, 100
14789, "Ride93"-"0", 14605, 100
14793, "MasterEddie38"-"0", 14609, 100
14802, "Rambo na Europa"-"0", 14618, 100
14825, "Dazed"-"0", 14642, 100
14827, "Master_Chavix"-"0", 14644, 100
14829, "Chrissytd"-"0", 14646, 100
14834, "Old_mAn62"-"0", 14652, 100
14835, "nomoney"-"0", 14653, 100
14836, "kwany111"-"0", 14655, 100
14852, "Alexius_Constantine"-"0", 14671, 100
14867, "Renegade"-"0", 14686, 100
14932, "bloodstock"-"0", 14751, 100
14942, "Grummel"-"0", 14761, 100
14953, "germ519"-"0", 14772, 100
14954, "JesusPetry"-"0", 14773, 100
14973, "metalwarlord"-"0", 14793, 100
14979, "Geofram"-"0", 14799, 100
14991, "mellvins059"-"0", 14811, 100
15020, "genyoka"-"0", 14840, 100
15032, "old bigbird"-"0", 14852, 100
15054, "The Min"-"1", 14875, 100
15066, "zjh47"-"0", 14887, 100
15113, "FireFox"-"0", 14936, 100
15133, "hoyce"-"0", 14956, 100
15136, "Mtay"-"0", 14959, 100
15180, "keshisaru"-"0", 15005, 100
15203, "Watermark"-"0", 15028, 100
15210, "Submariner"-"0", 15035, 100
15265, "JPhelps84"-"0", 15090, 100
15272, "sk8theworld"-"0", 15097, 100
15304, "Zeno Izen"-"0", 15129, 100
15308, "photong"-"0", 15133, 100
15314, "mamboguy"-"0", 15139, 100
15318, "Be-Gordon"-"0", 15143, 100
15319, "Strangebrownbag"-"0", 15144, 100
15382, "c00kie666"-"0", 15211, 100
15383, "USMCFR"-"0", 15212, 100
15386, "tsbjamie"-"0", 15215, 100
15413, "LowPassFilter"-"0", 15242, 100
15457, "Teamawesome4"-"0", 15286, 100
15470, "christian"-"0", 15300, 100
15506, "GP499"-"0", 15336, 100
15524, "chtalleyrand"-"0", 15355, 100
15543, "elkkiller76"-"0", 15374, 100
15559, "CODzilla28"-"0", 15391, 100
15565, "jbott"-"0", 15397, 100
15608, "ronin100"-"0", 15440, 100
15613, "DessertFox"-"0", 15446, 100
15626, "icecream777"-"0", 15459, 100
15650, "Attavior"-"0", 15485, 100
15665, "thorus"-"0", 15501, 100
15708, "Orange Monkey"-"0", 15544, 100
15728, "StoneRanger"-"0", 15564, 100
15752, "Hornet"-"0", 15589, 100
15753, "Blahville"-"0", 15590, 100
15757, "DocsFearlessFlyingFrogBrigade"-"0", 15594, 100
15766, "NaggersPlease"-"0", 15603, 100
15797, "Heinomat1893"-"0", 15636, 100
15811, "Farmerboy"-"0", 15650, 100
15818, "Joseph St&auml;l&iuml;n"-"0", 15657, 100
15819, "jmo1121109"-"0", 15658, 100
15839, "wydend"-"1", 15678, 100
15848, "Lummis"-"0", 15689, 100
15888, "hoover14"-"1", 15729, 100
15895, "Tiggoftigg"-"0", 15736, 100
15901, "happyjo"-"0", 15742, 100
15909, "alphaq"-"0", 15750, 100
15915, "Belisaurus"-"0", 15756, 100
15935, "Guesswork"-"0", 15776, 100
15955, "rador"-"0", 15797, 100
15978, "Rugrat"-"0", 15821, 100
15996, "Youngblood"-"0", 15840, 100
16006, "MVirion"-"0", 15850, 100
16029, "premsi"-"0", 15874, 100
16031, "cengique"-"0", 15876, 100
16034, "Tengri"-"0", 15879, 100
16035, "turley"-"0", 15880, 100
16054, "bodek"-"0", 15899, 100
16063, "Zephyr09"-"0", 15908, 100
16064, "bera"-"0", 15909, 100
16077, "jerooy"-"0", 15922, 100
16093, "fixtech"-"0", 15941, 100
16100, "PisMavi"-"0", 15948, 100
16101, "laughomatic"-"0", 15949, 100
16104, "jodabomb24"-"0", 15953, 100
16106, "caesar101dog"-"1", 15955, 100
16115, "frankedelphia"-"0", 15964, 100
16120, "Kiskoca"-"0", 15969, 100
16152, "SirLoseALot"-"0", 16002, 100
16177, "MoridinUK"-"0", 16027, 100
16178, "Xorglord"-"0", 16028, 100
16207, "Amper42"-"0", 16058, 100
16227, "graytie"-"0", 16078, 100
16238, "Winter Soldier"-"0", 16089, 100
16251, "cd_westra"-"0", 16102, 100
16278, "Guildenstern"-"1", 16130, 100
16279, "Dipstrat"-"1", 16131, 100
16282, "itacv2"-"0", 16134, 100
16302, "The Diplomatic Legend"-"1", 16155, 100
16327, "pandasun"-"1", 16180, 100
16334, "Siddhartha"-"0", 16187, 100
16388, "Ivete Barbarini"-"0", 16243, 100
16423, "jsturges"-"0", 16278, 100
16453, "vexlord"-"0", 16308, 100
16472, "Steve1519"-"0", 16327, 100
16534, "SSReichsFuhrer"-"0", 16391, 100
16573, "WarGhoul"-"0", 16431, 100
16590, "Tait The Great"-"0", 16448, 100
16596, "RT HAMMY"-"1", 16454, 100
16600, "Abbot Vonier"-"0", 16458, 100
16604, "_Ender_"-"0", 16462, 100
16623, "bigheadbecker"-"0", 16481, 100
16629, "DwaneTruong"-"0", 16487, 100
16634, "HumanTermite"-"0", 16492, 100
16636, "lorelei_s"-"0", 16494, 100
16653, "dorukyalcin"-"0", 16513, 100
16703, "silly"-"1", 16563, 100
16751, "B&uuml;mi"-"0", 16613, 100
16754, "wonderpuppy"-"0", 16616, 100
16765, "OmegaOm"-"0", 16627, 100
16780, "House11"-"0", 16644, 100
16789, "truesummer"-"0", 16653, 100
16790, "Duce II"-"0", 16654, 100
16808, "denis"-"0", 16673, 100
16826, "Grimn777"-"0", 16693, 100
16846, "aflyingchair"-"0", 16713, 100
16859, "PatDragon"-"0", 16726, 100
16878, "zoofie"-"0", 16745, 100
16900, "Mikmik"-"0", 16767, 100
16917, "BASSMAN9TOE"-"0", 16784, 100
16929, "Rajaraja"-"0", 16796, 100
16932, "tennis_pro"-"0", 16799, 100
16937, "Burgalveist"-"0", 16804, 100
16981, "Le_Roi"-"0", 16848, 100
17000, "ParanoidFreak"-"0", 16867, 100
17066, "El Doomba"-"0", 16935, 100
17082, "LW"-"0", 16951, 100
17085, "gordok"-"0", 16954, 100
17105, "grumbledook"-"0", 16976, 100
17156, "man_yeah"-"0", 17030, 100
17217, "KingWren"-"0", 17094, 100
17223, "Baron Samedi"-"0", 17100, 100
17261, "lilone223"-"0", 17138, 100
17264, "mromnis"-"1", 17142, 100
17265, "Humza&copy; Brand Shovels"-"0", 17143, 100
17285, "..."-"0", 17163, 100
17286, "Poweknibbel"-"0", 17164, 100
17301, "lawson"-"0", 17179, 100
17322, "Goldeye"-"0", 17200, 100
17412, "Socrates"-"0", 17294, 100
17422, "snypemasta"-"0", 17304, 100
17440, "the_archduke"-"0", 17323, 100
17457, "wint"-"0", 17340, 100
17549, "QibZoo"-"0", 17435, 100
17561, "ingwe"-"0", 17447, 100
17567, "Star Revil"-"0", 17454, 100
17568, "spyke100"-"0", 17455, 100
17573, "paulsantac"-"0", 17460, 100
17577, "SlayerN"-"0", 17464, 100
17591, "Norby"-"0", 17478, 100
17610, "guy~~"-"0", 17497, 100
17631, "kivan26"-"0", 17518, 100
17633, "caranim"-"0", 17520, 100
17636, "Salopecs"-"0", 17523, 100
17637, "NewbX0r"-"0", 17524, 100
17638, "ChittyChittyBB"-"0", 17525, 100
17639, "GunShowz"-"0", 17526, 100
17641, "seltzer"-"0", 17528, 100
17642, "MrBoomBoom"-"0", 17529, 100
17646, "bigryan"-"0", 17533, 100
17660, "MuhahaVI"-"0", 17547, 100
17688, "Parallelopiped"-"0", 17575, 100
17711, "The Big Doak"-"0", 17598, 100
17720, "Captain Beardso"-"0", 17607, 100
17792, "Halcyon42"-"0", 17682, 100
17811, "Ice Cold"-"0", 17704, 100
17812, "spoonfork"-"0", 17705, 100
17814, "pmurray"-"1", 17707, 100
17827, "arcenio2009"-"0", 17722, 100
17836, "udvarid"-"0", 17734, 100
17864, "tailboarder"-"0", 17762, 100
17896, "swimmancer"-"0", 17801, 100
17899, "PuppyKicker"-"0", 17804, 100
17910, "darkequeen"-"0", 17817, 100
17919, "powbillypilgrim"-"0", 17826, 100
18002, "Gunmaster G-9"-"0", 17910, 100
18006, "rpgboy"-"0", 17914, 100
18010, "footlessmilk"-"0", 17918, 100
18040, "ironhead05"-"0", 17948, 100
18043, "zalzaron"-"0", 17951, 100
18048, "Bonekalector"-"0", 17956, 100
18080, "nehcxon"-"0", 17991, 100
18093, "jamesp"-"0", 18008, 100
18098, "sockeye"-"0", 18013, 100
18116, "TheJon123"-"0", 18031, 100
18143, "FirestormX"-"0", 18060, 100
18146, "diplomath"-"0", 18063, 100
18169, "Tsyon"-"0", 18089, 100
18171, "Jalex"-"0", 18091, 100
18243, "shadoom"-"0", 18167, 100
18264, "kehmnm"-"0", 18188, 100
18275, "beza1e1"-"0", 18199, 100
18304, "JD1001"-"0", 18228, 100
18310, "Riker1976"-"0", 18235, 100
18329, "Homestar"-"0", 18254, 100
18332, "fogsurrounds"-"0", 18257, 100
18341, "Fluorspar"-"0", 18266, 100
18352, "AeroGabriel"-"0", 18277, 100
18360, "gladijajator"-"0", 18287, 100
18385, "GeniusA195"-"0", 18312, 100
18386, "A. Smith"-"0", 18313, 100
18393, "kodon"-"0", 18321, 100
18398, "bongotastic"-"0", 18327, 100
18408, "Gault1"-"0", 18337, 100
18411, "Incorporated States"-"0", 18340, 100
18413, "funboxB"-"0", 18342, 100
18420, "boonierats"-"0", 18350, 100
18427, "Dredd"-"0", 18358, 100
18440, "ShadowLord"-"0", 18371, 100
18445, "NinjazWithAttitude"-"0", 18376, 100
18481, "oyenegra"-"0", 18414, 100
18494, "murdlem"-"0", 18427, 100
18496, "shadowski"-"0", 18429, 100
18509, "bkpark0813"-"0", 18443, 100
18510, "LittleSpeck"-"0", 18444, 100
18513, "Awken"-"0", 18448, 100
18515, "Rooster Man"-"1", 18450, 100
18526, "Sys_Error"-"0", 18462, 100
18529, "Cubsfn"-"0", 18465, 100
18530, "monkeyguy81"-"0", 18466, 100
18531, "473x4ndr4"-"0", 18467, 100
18533, "queencatrina"-"0", 18471, 100
18537, "Eldred"-"0", 18475, 100
18543, "Gazelle123"-"0", 18482, 100
18544, "gmvera07"-"0", 18483, 100
18545, "imday"-"1", 18484, 100
18557, "judas"-"0", 18497, 100
18579, "John Galt"-"0", 18522, 100
18587, "jbdivinus"-"0", 18531, 100
18588, "Bob"-"0", 18533, 100
18594, "sarawack"-"0", 18539, 100
18607, "yoshtheconqueror"-"0", 18553, 100
18611, "Tinkerbull"-"0", 18557, 100
18618, "Mustafa Kemal"-"0", 18564, 100
18622, "supabeasty"-"0", 18568, 100
18628, "Sincostan"-"0", 18574, 100
18632, "DerekHarland"-"0", 18579, 100
18635, "Hegelmon"-"0", 18582, 100
18641, "Bowen Eley"-"0", 18590, 100
18649, "koolmanjack"-"0", 18599, 100
18661, "CPhoenixM"-"0", 18611, 100
18662, "LemonWarlord"-"0", 18612, 100
18668, "FriedOkraBlues"-"0", 18618, 100
18672, "Fastler"-"0", 18622, 100
18683, "ImTheCat"-"0", 18635, 100
18692, "33093"-"0", 18644, 100
18694, "wahjiman"-"0", 18646, 100
18707, "Cypher Rahl"-"0", 18660, 100
18719, "mss"-"0", 18672, 100
18749, "HoratioNelson1992"-"0", 18703, 100
18752, "jcnabu"-"0", 18706, 100
18769, "Booyah"-"1", 18723, 100
18786, "Cheeseeatingsurrendermonkey"-"1", 18740, 100
18790, "Aethelwulf"-"0", 18744, 100
18793, "laahaalaahaa"-"0", 18747, 100
18802, "Labyrinthine"-"0", 18756, 100
18815, "vegandalf"-"0", 18769, 100
18848, "Rorschach!"-"0", 18802, 100
18851, "imafool"-"0", 18805, 100
18862, "Taft"-"0", 18817, 100
18863, "Bananenrepublikaner"-"0", 18818, 100
18882, "powerown64"-"0", 18838, 100
18887, "Iceray0"-"0", 18843, 100
18897, "penalcodge"-"1", 18854, 100
18915, "Fyodor"-"0", 18873, 100
18926, "Cecil Lizard"-"0", 18884, 100
18930, "mastermind98"-"0", 18888, 100
18942, "frenchtourist"-"0", 18901, 100
18957, "Turkveal"-"0", 18916, 100
18965, "Yames"-"0", 18924, 100
18971, "dalibins"-"0", 18930, 100
18972, "Ohlinger"-"0", 18931, 100
18973, "Jefferson"-"0", 18932, 100
18986, "KCET"-"0", 18945, 100
19038, "LSseckman"-"0", 18997, 100
19065, "sandmann"-"0", 19026, 100
19070, "johnpothen"-"1", 19031, 100
19072, "Enfield Lee"-"0", 19033, 100
19075, "MC10"-"0", 19036, 100
19102, "Fram"-"0", 19064, 100
19115, "kookoobah"-"0", 19079, 100
19123, "Ben Dewey"-"0", 19087, 100
19135, "Nostradumass"-"0", 19099, 100
19140, "bbdaniels"-"0", 19104, 100
19162, "shadowsalley"-"0", 19129, 100
19168, "alexismm2"-"0", 19135, 100
19170, "Kimko"-"0", 19137, 100
19202, "Nephilim"-"0", 19173, 100
19203, "wedge99"-"0", 19174, 100
19206, "magiclit"-"1", 19177, 100
19222, "Mastermind"-"0", 19193, 100
19237, "Master Lucario"-"0", 19208, 100
19243, "california"-"0", 19214, 100
19244, "HoboPope"-"0", 19215, 100
19259, "ElijahCommissar"-"0", 19230, 100
19281, "Maxz"-"0", 19252, 100
19302, "k1166"-"0", 19277, 100
19318, "jurel37"-"0", 19293, 100
19320, "Jack_Klein"-"0", 19295, 100
19333, "drewski"-"0", 19309, 100
19339, "General Zottoli"-"0", 19315, 100
19350, "Lazalicious"-"0", 19326, 100
19355, "Theereaper"-"0", 19332, 100
19357, "Arhain"-"0", 19334, 100
19358, "gulbanana"-"0", 19335, 100
19359, "ummyep"-"0", 19336, 100
19360, "blogo-club"-"0", 19337, 100
19361, "Senectus"-"0", 19339, 100
19362, "The Great Unwashed"-"0", 19340, 100
19364, "paulyork64"-"0", 19342, 100
19375, "domineros"-"0", 19353, 100
19380, "gsoccerdawg000"-"0", 19358, 100
19382, "Moohoo"-"0", 19360, 100
19390, "Peligreeno"-"0", 19368, 100
19414, "Mrpaulbearer"-"0", 19393, 100
19419, "marshal969"-"0", 19399, 100
19440, "Non_Zero_Determinant"-"0", 19421, 100
19476, "Joe198468"-"0", 19461, 100
19478, "amystu8699"-"0", 19463, 100
19504, "eryq"-"0", 19490, 100
19507, "Wolf89"-"0", 19493, 100
19525, "jc"-"0", 19515, 100
19541, "habsfanatic"-"0", 19533, 100
19542, "maxime444444"-"0", 19534, 100
19545, "TitusCaesar"-"0", 19537, 100
19560, "glenorius"-"0", 19553, 100
19569, "tekin"-"0", 19562, 100
19571, "Vitus"-"0", 19564, 100
19577, "pdopson"-"0", 19570, 100
19589, "Blake"-"0", 19582, 100
19592, "RandomHero849"-"0", 19585, 100
19595, "Duplomat"-"0", 19588, 100
19596, "GoonerChris"-"0", 19589, 100
19597, "Kralj Branimir"-"0", 19590, 100
19599, "Thaelan"-"0", 19592, 100
19603, "askaninjask"-"0", 19596, 100
19607, "Bestfriendamigo"-"0", 19601, 100
19613, "Principe Alessandro"-"0", 19608, 100
19614, "ilredentore88"-"0", 19609, 100
19617, "TheDeacon"-"0", 19612, 100
19648, "Death_Sr."-"0", 19646, 100
19649, "EvilGrass"-"0", 19647, 100
19653, "colonelsteven"-"0", 19651, 100
19654, "gregwallace85"-"0", 19652, 100
19656, "almurik"-"0", 19654, 100
19661, "cwute"-"1", 19660, 100
19668, "Konstantin"-"0", 19667, 100
19670, "owensephiroth"-"0", 19669, 100
19671, "Jakooli"-"0", 19670, 100
19686, "knighttennis"-"0", 19685, 100
19688, "John Meriwether"-"0", 19687, 100
19689, "Dfm"-"0", 19688, 100
19713, "ca-oboy"-"0", 19713, 100
19729, "masterninja"-"1", 19730, 100
19740, "Winston L. S. Churchill"-"0", 19741, 100
19744, "Potowmack"-"0", 19745, 100
19751, "Nargond"-"0", 19755, 100
19761, "schulte123"-"0", 19767, 100
19762, "king_woof_woof"-"0", 19768, 100
19766, "sassybitch"-"0", 19772, 100
19767, "niveaulos"-"0", 19773, 100
19782, "noahjf"-"1", 19788, 100
19783, "munchkin428"-"0", 19789, 100
19784, "ariel"-"0", 19790, 100
19785, "humansrpepul2"-"0", 19791, 100
19792, "Hunter49r"-"0", 19798, 100
19803, "Gamling55"-"0", 19809, 100
19804, "crapshoot"-"0", 19810, 100
19821, "fastgamer"-"1", 19827, 100
19822, "Griby98"-"1", 19828, 100
19824, "pravda"-"0", 19830, 100
19840, "Hamish"-"0", 19847, 100
19844, "Kaliharip"-"0", 19853, 100
19852, "danpayne"-"0", 19865, 100
19854, "JonathanDivin"-"0", 19867, 100
19856, "elsa7"-"1", 19869, 100
19861, "CuteSpjut"-"0", 19874, 100
19862, "turbomursu"-"0", 19875, 100
19874, "twenger"-"0", 19888, 100
19878, "FH Bhodili7"-"0", 19892, 100
19882, "Punintended"-"0", 19896, 100
19888, "Mikey64"-"0", 19903, 100
19914, "FH kummitus123"-"0", 19930, 100
19915, "Triskelli"-"0", 19931, 100
19930, "Pirate Pete"-"0", 19946, 100
19932, "Arbitrage"-"1", 19948, 100
19940, "Cassiodorus"-"0", 19958, 100
19941, "NEIHS"-"0", 19959, 100
19955, "malaka1"-"0", 19977, 100
19960, "gi549"-"0", 19983, 100
19961, "themightyjunek"-"0", 19984, 100
19962, "Taz18"-"0", 19985, 100
19965, "Lennifer"-"0", 19989, 100
19967, "ug987"-"1", 19991, 100
19978, "Themistocles"-"0", 20002, 100
19979, "NaziGermany"-"0", 20003, 100
19984, "DrSpambot"-"1", 20009, 100
19996, "combdaddy"-"0", 20022, 100
19998, "Jyrinx"-"0", 20024, 100
20008, "aTiktinsky"-"0", 20034, 100
20027, "J_Fin"-"0", 20055, 100
20028, "Jackdeath21"-"0", 20056, 100
20062, "BlackProstitute"-"1", 20096, 100
20063, "Salammoniac"-"0", 20097, 100
20068, "theTVsaidso"-"0", 20103, 100
20069, "Captain Kozo"-"0", 20104, 100
20094, "mhancuh"-"0", 20129, 100
20098, "Prybar"-"0", 20133, 100
20104, "patizcool"-"0", 20139, 100
20107, "Murph"-"0", 20142, 100
20110, "oldnick"-"0", 20145, 100
20111, "blink"-"0", 20146, 100
20115, "fredthompson"-"0", 20150, 100
20130, "z76z76z76"-"0", 20166, 100
20161, "Aalox"-"0", 20198, 100
20182, "Paddygoulden"-"0", 20219, 100
20188, "exploding5heep"-"0", 20225, 100
20204, "Herbs"-"0", 20241, 100
20210, "stubbs"-"1", 20248, 100
20229, "keladry12"-"0", 20267, 100
20237, "smarimc"-"0", 20275, 100
20242, "ChangeupD"-"0", 20280, 100
20244, "mbgmkjpt"-"0", 20282, 100
20249, "MrMirCannae"-"0", 20287, 100
20256, "EuroSpectre"-"0", 20294, 100
20259, "benjormungand"-"0", 20297, 100
20266, "aynwoodrand"-"0", 20304, 100
20276, "dudeboi"-"0", 20317, 100
20297, "UnitedWorld"-"0", 20339, 100
20310, "overvold"-"1", 20353, 100
20313, "Timz"-"0", 20358, 100
20332, "tullius"-"0", 20377, 100
20338, "McButts"-"0", 20384, 100
20342, "dsr"-"0", 20388, 100
20365, "Socialist Kingdom of Canada "-"0", 20411, 100
20368, "POTUS"-"0", 20414, 100
20369, "sidek"-"0", 20415, 100
20371, "Guttersniper"-"0", 20417, 100
20379, "geirsje"-"0", 20426, 100
20390, "happyelf"-"0", 20438, 100
20392, "fluffnutx4"-"1", 20440, 100
20397, "RajK"-"0", 20445, 100
20401, "Dragonfi"-"0", 20449, 100
20404, "bsm138"-"0", 20452, 100
20413, "Snover64"-"0", 20462, 100
20414, "CCLemon"-"0", 20464, 100
20416, "Kaiser von Sakesniper"-"0", 20466, 100
20418, "Timur"-"0", 20468, 100
20421, "Indiana Monts"-"0", 20471, 100
20423, "Nicolae"-"0", 20473, 100
20427, "VV"-"0", 20477, 100
20477, "2"-"0", 20530, 100
20478, "3"-"0", 20531, 100
20479, "4"-"0", 20532, 100
20480, "5"-"0", 20533, 100
20481, "6"-"0", 20534, 100
20482, "7"-"0", 20535, 100
20489, "Atrick25"-"0", 20542, 100
20508, "Prodigy.NL"-"0", 20562, 100
20513, "Bowman"-"1", 20567, 100
20534, "LainandEd"-"1", 20588, 100
20541, "sgt_coby"-"0", 20596, 100
20551, "Panama"-"0", 20606, 100
20552, "danwalsh34"-"0", 20608, 100
20553, "flerina"-"0", 20610, 100
20556, "mrogers92"-"0", 20613, 100
20568, "dumbasspinkelephant"-"0", 20625, 100
20570, "Skies"-"0", 20627, 100
20583, "ltrittoni"-"0", 20640, 100
20607, "white majik"-"0", 20664, 100
20614, "Hans"-"0", 20671, 100
20615, "outsider"-"0", 20672, 100
20626, "Halliron"-"0", 20683, 100
20629, "mroberts"-"0", 20686, 100
20674, "The Norris"-"0", 20733, 100
20675, "SoloGarth"-"0", 20734, 100
20705, "NICKCHILSON"-"0", 20765, 100
20722, "vandebergb"-"0", 20782, 100
20723, "maudineormsby"-"0", 20783, 100
20745, "mat cauthon"-"0", 20806, 100
20754, "Deschutron"-"0", 20815, 100
20771, "Fenris"-"0", 20832, 100
20775, "AustinH"-"0", 20837, 100
20776, "bestruler"-"0", 20838, 100
20778, "derletztemensch"-"0", 20840, 100
20798, "BEERME"-"0", 20860, 100
20813, "Don Quijote"-"0", 20875, 100
20826, "drfochtman"-"0", 20888, 100
20828, "hatsios"-"0", 20891, 100
20829, "KGesina"-"0", 20892, 100
20831, "DerBjoern"-"0", 20894, 100
20861, "dissolv4tor"-"0", 20925, 100
20900, "chrisdalby"-"0", 20965, 100
20913, "General Quarters"-"1", 20978, 100
20950, "Peely"-"0", 21015, 100
20961, "Kosjenka"-"0", 21028, 100
20963, "lattenwald"-"0", 21030, 100
20969, "Freischutz"-"0", 21036, 100
20979, "localghost"-"0", 21048, 100
20981, "Eva_Braun"-"0", 21050, 100
20990, "Febreze Tease"-"0", 21059, 100
21012, "mejo"-"0", 21081, 100
21021, "pif"-"0", 21090, 100
21037, "obamasprettyterrible"-"0", 21107, 100
21042, "branigan.wddp"-"0", 21112, 100
21059, "Kyrios"-"0", 21132, 100
21073, "Thursday"-"1", 21147, 100
21080, "feldmarshal_jullazzzz"-"0", 21155, 100
21110, "friendly.jools"-"0", 21185, 100
21111, "VoxPVoxD"-"0", 21186, 100
21115, "Rolph"-"0", 21190, 100
21149, "MinuTeineKasutaja"-"0", 21225, 100
21169, "Perica911"-"0", 21245, 100
21174, "rick77"-"0", 21251, 100
21179, "ddt"-"0", 21256, 100
21180, "STEVEN8536"-"0", 21257, 100
21181, "raapers"-"0", 21258, 100
21182, "McMenemy"-"0", 21259, 100
21206, "Karlik-Nos"-"0", 21285, 100
21215, "okram777"-"0", 21294, 100
21218, "KaptinKool"-"0", 21297, 100
21227, "iceman30"-"0", 21307, 100
21230, "aramyth"-"0", 21310, 100
21239, "chapunosky"-"0", 21319, 100
21252, "faust"-"0", 21332, 100
21269, "jazzguy1987"-"1", 21351, 100
21273, "jmeyersd"-"0", 21355, 100
21311, "TOwen"-"0", 21394, 100
21327, "Scofield"-"0", 21410, 100
21331, "ajb"-"0", 21414, 100
21342, "JeffreyK"-"0", 21426, 100
21388, "we can talk about this"-"0", 21473, 100
21396, "billy617"-"0", 21482, 100
21402, "busckeeper0018"-"0", 21488, 100
21405, "Intergalactic Diplomatic Attic"-"0", 21491, 100
21408, "UFO"-"0", 21494, 100
21410, "BIGMAC"-"0", 21496, 100
21411, "operasinger"-"0", 21497, 100
21418, "seminole"-"0", 21506, 100
21426, "aaparker2010"-"0", 21515, 100
21445, "Seriously"-"0", 21534, 100
21447, "mruhlen"-"0", 21536, 100
21448, "Swarthington"-"0", 21537, 100
21451, "Brian Baker"-"0", 21540, 100
21452, "Panik"-"0", 21541, 100
21453, "The Robber"-"0", 21542, 100
21454, "Rhyfelwr"-"0", 21543, 100
21462, "rockadidas"-"0", 21551, 100
21472, "mdh10608"-"0", 21561, 100
21484, "eenmage"-"0", 21573, 100
21487, "Mencjusz"-"0", 21576, 100
21504, "kappadoce"-"0", 21594, 100
21521, "adamlfc123"-"0", 21613, 100
21522, "james422"-"0", 21614, 100
21549, "Booka Shade"-"0", 21641, 100
21556, "tmg996"-"0", 21648, 100
21561, "dave12124"-"1", 21653, 100
21570, "GlueDuck"-"0", 21662, 100
21576, "cleacy"-"0", 21668, 100
21579, "BillBiddy"-"0", 21672, 100
21584, "maddigascar"-"1", 21677, 100
21600, "Herr Oberst"-"0", 21693, 100
21612, "Golden Gregory"-"0", 21705, 100
21635, "BeePee"-"0", 21728, 100
21649, "T-Hubs"-"0", 21742, 100
21658, "FLTeacher"-"0", 21751, 100
21662, "crowley"-"0", 21755, 100
21679, "WhiteAmaranth"-"0", 21772, 100
21694, "Elpea"-"0", 21787, 100
21732, "Infinitum"-"0", 21825, 100
21739, "PoliMcDego"-"0", 21832, 100
21742, "sbeld"-"0", 21835, 100
21761, "Gambrose"-"0", 21854, 100
21765, "GerberBabyPlauge"-"0", 21858, 100
21817, "kossie"-"0", 21910, 100
21848, "Samunwise"-"0", 21942, 100
21851, "ekapic"-"0", 21945, 100
21870, "mylifeisfix"-"0", 21964, 100
21888, "HansMacking"-"0", 21982, 100
21916, "Norm"-"0", 22012, 100
21936, "Rusty34"-"0", 22032, 100
21975, "lang"-"1", 22071, 100
21991, "Emperor of York"-"0", 22087, 100
22017, "onamatapia"-"0", 22113, 100
22019, "gaborik10"-"0", 22115, 100
22022, "Silogram"-"0", 22118, 100
22048, "Azralynn"-"0", 22145, 100
22057, "Babene"-"0", 22154, 100
22062, "Cresca Muccapello"-"0", 22159, 100
22105, "Fljared"-"0", 22203, 100
22132, "make love"-"0", 22230, 100
22144, "rickbalk"-"0", 22242, 100
22169, "quando"-"0", 22267, 100
22171, "magizan"-"0", 22269, 100
22185, "janek85"-"0", 22283, 100
22193, "Davalillo"-"0", 22291, 100
22233, "raedeo"-"0", 22331, 100
22246, "Alex the great Caeser"-"1", 22344, 100
22252, "yushiyang"-"0", 22350, 100
22262, "HerbertKornfeld"-"0", 22360, 100
22293, "Bertessa"-"0", 22391, 100
22301, "JesusFChrist"-"0", 22399, 100
22355, "og11"-"0", 22453, 100
22368, "Fighting_Shark"-"0", 22466, 100
22384, "nreijmersdal"-"0", 22482, 100
22392, "Barri&egrave;reDeFer"-"0", 22490, 100
22439, "juanjo"-"1", 22537, 100
22469, "Demonslayer"-"0", 22569, 100
22547, "Beer&amp;Chips"-"0", 22647, 100
22630, "csocha"-"0", 22730, 100
22736, "ozade"-"1", 22836, 100
22878, "bss9999"-"0", 22978, 100
