Rank, Player, PlayerID, Ghost Rating, Games Played, Peak Ghost Rating, ChangeRank, ChangeGames, ChangeGhostRating, Last Game Date
1, "SplitDiplomat"-"0", 36887, 402.241942292896, 1021, 495.624226485106, 0, 0, 0, 2018-09-15
2, "Nikola Maric Eto"-"0", 49036, 367.383900597045, 292, 369.893643407909, 0, 1, -2.50974281086349, 2018-12-03
3, "genghiz"-"0", 64274, 285.644156975767, 206, 297.679476092901, 0, 0, 0, 2018-10-09
4, "naked"-"0", 68573, 260.930094362462, 89, 264.711689932932, 0, 0, 0, 2018-10-16
5, "swordsman3003"-"0", 36106, 258.52792711704, 173, 258.52792711704, 2, 1, 7.88799703231899, 2018-12-20
6, "xorxes"-"0", 42435, 252.958102357533, 161, 284.92325958959, 0, 0, 0, 2018-09-27
7, "josemurc"-"0", 17667, 246.92810783118, 296, 273.855756485122, -2, 4, -9.40340501887883, 2018-12-27
8, "NoFog"-"0", 38917, 228.882014411355, 131, 247.390167960494, 0, 0, 0, 2018-10-03
9, "rokakoma"-"0", 25125, 221.603924487923, 171, 249.386643780996, Re-Entry, Re-Entry, Re-Entry, 2018-12-28
10, "Fortress Door"-"0", 42498, 209.94717176812, 225, 241.763831578712, -1, 0, 0, 2018-10-20
11, "Claesar"-"0", 74492, 206.452912931535, 162, 209.444984133441, 13, 8, 28.0792686624775, 2018-12-30
12, "y2kjbk"-"0", 46594, 204.41047300141, 252, 235.400560983112, 0, 0, 0, 2018-09-08
13, "Tugster"-"0", 86502, 202.13733988995, 247, 235.500027191157, -2, 9, -2.36025160393342, 2018-12-27
14, "cspieker"-"0", 41816, 202.097595089702, 233, 248.026453813371, -4, 1, -3.21670625076067, 2018-12-21
15, "Tibarius"-"0", 17272, 196.905226378597, 109, 224.72842476578, -2, 0, 0, 2018-11-29
16, "dagabs0"-"0", 54191, 195.058829213431, 683, 206.618898785615, 6, 5, 16.5611691426231, 2018-12-29
17, "Yoyoyozo"-"0", 65915, 189.924992650594, 136, 213.970823282569, 0, 1, -2.83536145251207, 2018-12-21
18, "The Czech"-"0", 17724, 188.040099965977, 2116, 274.240716179333, -2, 3, -6.5134560964369, 2018-12-27
19, "Tantrum"-"0", 72322, 186.180462928752, 228, 188.152397455933, 2, 5, 5.92095032628006, 2018-12-26
20, "czechveck"-"0", 12871, 186.019441911899, 327, 199.74858353674, -6, 3, -9.87801211635585, 2018-12-26
21, "kostas71"-"0", 11917, 180.922257483364, 237, 205.987353647097, -1, 0, 0, 2018-07-10
22, "rdrivera2005"-"0", 16691, 179.560790395166, 195, 208.802358769497, 3, 1, 1.77752030851846, 2018-12-21
23, "chipo"-"0", 87214, 178.480639222699, 10, 183.691479141194, 0, 0, 0, 2018-08-21
24, "Javatiger"-"0", 86168, 176.825502057717, 48, 182.543094863044, -5, 2, -5.71759280532694, 2018-12-21
25, "CptMike"-"0", 79656, 172.608028241553, 65, 172.608028241553, 1, 0, 0, 2018-11-05
26, "Your Humble Narrator"-"0", 38075, 169.245984416139, 83, 173.475188137337, 1, 2, -2.12656757302423, 2018-12-05
27, "!"-"0", 75336, 168.967984692996, 61, 168.967984692996, 4, 1, 5.39992369435265, 2018-12-08
28, "svenubl"-"0", 73485, 168.23978485053, 151, 178.035493230789, 1, 1, 3.62304653209614, 2018-12-19
29, "2ndWhiteLine"-"0", 37127, 166.376672472776, 411, 223.09951358939, -1, 0, 0, 2018-10-20
30, "Theoneandonly"-"0", 99646, 165.152869908521, 65, 172.111713274074, 21, 16, 17.1126510526669, 2018-12-28
31, "Lando Calrissian"-"0", 19131, 164.246213507393, 1194, 220.043339971786, 6, 4, 5.37270772812641, 2018-12-21
32, "chluke"-"0", 49505, 163.913461513804, 70, 182.181974470701, -2, 0, 0, 2018-09-27
33, "tatertrotts"-"0", 73226, 162.91655618273, 149, 185.356334562575, -1, 0, 0, 2018-09-14
34, "The Lord Duke"-"0", 24015, 162.277364148749, 127, 165.811462654239, -1, 0, 0, 2018-11-24
35, "brkyzgn"-"0", 68900, 161.144481907804, 113, 175.035322281991, 6, 4, 5.42931568376926, 2018-12-21
36, "trip"-"0", 11231, 161.031367457599, 178, 174.67724071744, -1, 0, 0, 2018-09-01
37, "justinnhoo"-"0", 23444, 160.670668187054, 138, 169.630657087266, -1, 0, 0, 2018-09-23
38, "personian"-"0", 23962, 160.213492196333, 145, 160.246210238761, 2, 2, 3.60642941974231, 2018-12-29
39, "peterwiggin"-"0", 2547, 157.330339936267, 113, 162.841612429174, 0, 2, -0.452746795594891, 2018-12-30
40, "LeonWalras"-"0", 54996, 154.644000950684, 31, 154.644000950684, 3, 1, 1.21383131010791, 2018-12-01
41, "acamer4"-"0", 81701, 152.45858037067, 64, 161.360757705599, 4, 0, 0, 2018-10-15
42, "micha"-"0", 75625, 150.763092905094, 40, 153.793318779221, 20, 4, 7.89158030975145, 2018-12-30
43, "fulhamish"-"0", 28562, 149.760462468103, 291, 154.132801111889, -1, 2, -4.37233864378624, 2018-12-15
44, "MinuTeineKasutaja"-"0", 21225, 149.054052194279, 122, 152.799468605025, 4, 0, 0, 2018-09-22
45, "bo_sox48"-"0", 38739, 148.898465616894, 186, 171.194864080441, 1, 1, -2.61852866041988, 2018-12-05
46, "Storiko"-"0", 69145, 148.784129714802, 7, 150.940421449799, 3, 0, 0, 2018-11-12
47, "ali2542"-"0", 51841, 146.12103608429, 22, 148.200516405244, 3, 1, -2.07948032095385, 2018-12-21
48, "joshbeaudette"-"0", 20500, 146.01533795174, 60, 148.131502269882, 5, 0, 0, 2018-07-18
49, "thebullmoose"-"0", 74748, 145.909336005346, 137, 157.37621671447, -2, 5, -5.42633418549499, 2018-12-29
50, "breaca"-"0", 62512, 145.476512160047, 52, 147.584867408743, 5, 0, 0, 2018-10-24
51, "SmuRumS"-"0", 85789, 145.323576964382, 12, 145.323576964382, 8, 2, 1.52836511003565, 2018-12-29
52, "grahamso1"-"0", 51192, 145.102570169398, 81, 154.149047853196, 0, 2, -2.63055410052047, 2018-12-21
53, "Beaumont"-"0", 56997, 144.877016086411, 38, 145.606091457897, 1, 2, -0.729075371485976, 2018-12-19
54, "Drister"-"0", 28074, 144.241304315034, 3, 144.241304315034, 3, 0, 0, 2018-09-11
55, "dipperjay"-"0", 94938, 144.18180746343, 46, 148.725165421677, 3, 0, 0, 2018-11-24
56, "ishirkmywork"-"0", 68934, 143.811239317561, 32, 149.038050237456, 0, 2, -1.58104474622871, 2018-12-26
57, "Ezio"-"0", 81514, 143.638967327995, 96, 158.41734030683, 3, 0, 0, 2018-10-16
58, "Ogion"-"0", 58511, 143.53280836763, 156, 194.932942539072, -20, 2, -15.0820587139414, 2018-12-08
59, "Kubrick"-"0", 47207, 142.183231720924, 64, 150.569160658052, 4, 0, 0, 2018-09-05
60, "MadMarx"-"0", 5210, 142.124933907179, 11, 142.124933907179, 4, 0, 0, 2018-09-07
61, "Kugs"-"0", 81684, 142.028760018474, 22, 146.175367378812, 4, 0, 0, 2018-11-20
62, "AlexNesta"-"0", 19901, 141.301584286576, 147, 159.595600285526, 4, 0, 0, 2018-09-18
63, "mdrltc"-"0", 21196, 140.86828134913, 99, 155.903270493303, -2, 1, -2.04156929491492, 2018-12-08
64, "Beaumax"-"0", 30126, 140.155329368706, 61, 146.489886309125, 3, 2, -0.776071947750296, 2018-12-24
65, "Nealkochhar"-"0", 83727, 139.790351652526, 37, 157.54363255221, Re-Entry, Re-Entry, Re-Entry, 2018-12-31
66, "Rhinos"-"0", 58143, 139.410344248479, 45, 143.219951678029, 2, 0, 0, 2018-11-30
67, "Bob Genghiskhan"-"0", 26333, 139.293493088187, 327, 158.49194250812, 2, 0, 0, 2018-10-16
68, "lint"-"0", 73801, 139.095547806005, 30, 143.156518430881, 3, 0, 0, 2018-11-16
69, "Chesney"-"0", 95217, 139.067059261373, 2, 139.067059261373, 3, 0, 0, 2018-10-28
70, "sadarchie"-"0", 102724, 137.834842475075, 3, 137.834842475075, 433, 2, 39.2634139036466, 2018-12-25
71, "Tutti"-"0", 66729, 137.364560518223, 99, 142.354903619825, 2, 0, 0, 2018-08-12
72, "Marina"-"0", 72716, 137.250538638766, 14, 137.861748857471, 2, 0, 0, 2018-11-02
73, "curupira"-"0", 62920, 136.945108261438, 181, 178.260282675115, 2, 0, 0, 2018-10-16
74, "Heffomite"-"0", 13528, 136.607699366572, 58, 143.12696279466, -4, 2, -2.58229197735935, 2018-12-30
75, "flash2015"-"0", 75587, 136.303457973487, 16, 136.303457973487, 2, 0, 0, 2018-10-03
76, "shield"-"0", 44565, 135.427533326155, 74, 143.502215046935, 0, 1, -1.42924144670388, 2018-12-21
77, "Bonaparte23"-"0", 46942, 135.122961235599, 106, 135.122961235599, 1, 0, 0, 2018-07-22
78, "KalelChase"-"0", 30452, 134.960297250014, 96, 163.741987951729, 1, 0, 0, 2018-10-16
79, "Theodor_Latour"-"0", 100164, 134.204081632653, 1, 134.204081632653, 2, 0, 0, 2018-07-24
80, "Maximus c23"-"0", 70114, 134.148068394204, 7, 134.148068394204, 7, 1, 2.331069221322, 2018-12-20
81, "Omniscient"-"0", 35079, 133.938191331116, 1, 133.938191331116, 1, 0, 0, 2018-09-23
82, "catfish"-"0", 48065, 133.321253341149, 109, 135.253445418557, 2, 0, 0, 2018-08-03
83, "Thorrbo"-"0", 87872, 133.236667664423, 25, 141.209492369778, Re-Entry, Re-Entry, Re-Entry, 2018-12-28
84, "jollycream"-"0", 101080, 132.986648477149, 5, 136.86926644361, -4, 1, -1.92734273155287, 2018-12-21
85, "Luke Miller"-"0", 47819, 132.389856332392, 53, 135.163246479774, 0, 0, 0, 2018-10-03
86, "ivarssi"-"0", 85351, 131.470146676515, 4, 131.470146676515, 2, 0, 0, 2018-11-11
87, "sweetwatersam"-"0", 19396, 131.228962736383, 423, 160.198115207535, 2, 0, 0, 2018-11-24
88, "Ruisdael"-"0", 29626, 131.225867711406, 28, 131.225867711406, 6, 1, 1.78136901777941, 2018-12-03
89, "rosaville"-"0", 40481, 130.702969414236, 85, 130.702969414236, 1, 0, 0, 2018-11-10
90, "Yonni"-"0", 33239, 130.640191393315, 57, 137.781137596961, 1, 0, 0, 2018-10-15
91, "sahleao"-"0", 62174, 130.145518304323, 15, 130.145518304323, 1, 0, 0, 2018-10-12
92, "presidentpepper"-"0", 95979, 129.729947931132, 5, 129.729947931132, 1, 0, 0, 2018-09-14
93, "Anno1585"-"0", 67944, 129.69691293118, 3, 130.161776418389, Re-Entry, Re-Entry, Re-Entry, 2018-12-19
94, "BismarckAlive"-"0", 73563, 129.393091115902, 22, 131.599705477011, 1, 0, 0, 2018-09-27
95, "Stressedlines"-"0", 38459, 129.11845168242, 232, 163.112286671218, 1, 0, 0, 2018-11-29
96, "ND"-"0", 68782, 129.107904582026, 23, 129.107904582026, 1, 0, 0, 2018-07-18
97, "HangMan"-"0", 81816, 129.000247858547, 26, 147.35474592651, 1, 0, 0, 2018-09-01
98, "Amb Cardinal"-"0", 101109, 128.977697883469, 10, 130.400396651354, 8, 1, 2.09160968678054, 2018-12-15
99, "CAPT Brad"-"1", 81804, 128.923244192605, 202, 142.927523161589, 1, 0, 0, 2018-11-05
100, "palesman"-"0", 21799, 128.474874147152, 56, 131.267308286208, 1, 0, 0, 2018-11-11
101, "Hamp"-"0", 67802, 128.185719418666, 46, 135.399132572738, -15, 2, -3.74245221575185, 2018-12-30
102, "Tom Bombadil"-"0", 25560, 127.494984166997, 49, 129.476214675041, 1, 0, 0, 2018-09-20
103, "Favio"-"0", 28575, 127.185955323547, 142, 149.856763619517, 1, 0, 0, 2018-10-16
104, "Vom Kriege"-"0", 80470, 127.021632571621, 4, 127.021632571621, Re-Entry, Re-Entry, Re-Entry, 2018-12-25
105, "zephyris"-"0", 9963, 126.42872381671, 26, 131.710945173842, 3, 0, 0, 2018-11-10
106, "foodcoats"-"0", 86734, 126.398340714038, 7, 130.03053805013, -4, 1, -1.77461822109042, 2018-12-22
107, "StackelbergFollower"-"0", 45751, 126.110808354422, 84, 134.361280865049, 2, 0, 0, 2018-11-24
108, "nmpolo"-"0", 59792, 126.042000132667, 23, 132.032963069308, 2, 0, 0, 2018-07-26
109, "Cmdr Shears"-"0", 16899, 125.995971583375, 42, 132.333307222009, 2, 0, 0, 2018-10-20
110, "thamrick"-"0", 68904, 125.870215161225, 44, 130.30962473504, 2, 0, 0, 2018-08-31
111, "MarcosAzevedo"-"0", 83236, 125.222881755653, 13, 125.222881755653, Re-Entry, Re-Entry, Re-Entry, 2018-12-28
112, "LakersFan"-"0", 38411, 125.051782663096, 161, 145.864486020774, 1, 0, 0, 2018-10-12
113, "Hauta"-"0", 57960, 124.431037196216, 66, 134.61621588507, Re-Entry, Re-Entry, Re-Entry, 2018-12-25
114, "bozotheclown"-"0", 11401, 124.263828427071, 20, 126.132652862589, 0, 0, 0, 2018-08-21
115, "hellalt"-"0", 13865, 123.957335226262, 75, 143.994302630154, 0, 0, 0, 2018-08-10
116, "Middelfart"-"0", 69523, 123.625006397764, 88, 150.425911514195, 1, 0, 0, 2018-09-27
117, "Shun Jeffrey"-"0", 84090, 123.59631605268, 4, 123.59631605268, 1, 0, 0, 2018-10-23
118, "Eric1984"-"0", 100949, 123.508360853379, 7, 124.221527210144, 198, 4, 21.7319192652979, 2018-12-30
119, "eturnage"-"0", 63567, 123.125517485439, 15, 127.025080221809, 0, 0, 0, 2018-08-05
120, "jcproctor29"-"0", 86769, 122.470906299794, 9, 122.470906299794, 1, 0, 0, 2018-08-18
121, "Thechosen41"-"0", 50193, 122.359983319346, 68, 130.634899322369, 1, 0, 0, 2018-09-20
122, "derBleede"-"0", 63095, 121.779386175483, 7, 121.779386175483, 2, 0, 0, 2018-11-20
123, "Sylvania"-"0", 5359, 121.061541162442, 20, 121.780688873132, Re-Entry, Re-Entry, Re-Entry, 2018-12-29
124, "Hapapop"-"0", 63771, 120.81154984991, 52, 161.871624704697, Re-Entry, Re-Entry, Re-Entry, 2018-12-14
125, "MaelwysII"-"0", 2170, 120.567140844415, 348, 180.08037270372, 80, 3, 12.1478816073644, 2018-12-26
126, "ag7433"-"0", 10347, 120.436551234344, 53, 128.980375615482, -3, 1, -1.74545726426587, 2018-12-10
127, "john//"-"0", 90086, 120.431582888401, 13, 128.813101358368, 4, 0, 0, 2018-10-28
128, "bengalfish"-"0", 98997, 120.153952070169, 12, 121.5780920489, 4, 0, 0, 2018-10-20
129, "Valis2501"-"0", 63487, 120.038295243414, 393, 171.840457042211, -13, 3, -3.8482219471223, 2018-12-27
130, "goldfinger0303"-"0", 28372, 120.028294350282, 28, 120.028294350282, 3, 0, 0, 2018-11-30
131, "Magnetic24"-"1", 98431, 119.838065536302, 16, 121.574849094799, -5, 1, -1.73678355849714, 2018-12-28
132, "Lord Bolton"-"0", 71529, 119.515032148516, 86, 121.315581382053, 4, 2, 0.422535371687928, 2018-12-27
133, "Bamawhite"-"0", 69549, 119.433905399207, 45, 122.10173264549, -5, 1, -1.7309261652059, 2018-12-21
134, "ASchef"-"0", 102500, 119.391293075927, 1, 119.391293075927, 0, 0, 0, 2018-11-15
135, "Foxcastle"-"0", 92993, 119.204737483408, 25, 119.204737483408, 88, 2, 12.4661277052619, 2018-12-23
136, "slypups"-"0", 81525, 119.192966361361, 28, 124.23992712451, -1, 0, 0, 2018-10-03
137, "Bob Al Hubob"-"0", 55540, 119.005464150786, 63, 125.711839849234, -7, 1, -1.72471687175052, 2018-12-23
138, "Obscurity"-"0", 13217, 118.802779182128, 44, 122.902248298883, 6, 1, 1.09288213717878, 2018-12-03
139, "thamunda"-"0", 56647, 118.579570854164, 11, 119.175423195585, 2, 1, 0.677987003450355, 2018-12-01
140, "stranger"-"0", 41240, 118.191996455328, 82, 134.355154500834, -2, 0, 0, 2018-11-20
141, "Zygotic"-"0", 57333, 118.161923615679, 20, 118.428543013781, -2, 0, 0, 2018-08-13
142, "Macchiavelli"-"0", 31187, 118.04666554612, 110, 124.668144450186, -17, 5, -3.72181330880377, 2018-12-29
143, "Balki Bartokomous"-"0", 70552, 117.908554240197, 9, 121.350958995372, -3, 0, 0, 2018-09-22
144, "dack"-"0", 32876, 117.854890376713, 32, 120.056343288724, -2, 0, 0, 2018-11-19
145, "nguyenmt"-"0", 98662, 117.743394881752, 51, 125.837952254818, 87, 7, 11.4334984017721, 2018-12-30
146, "Hoppsywins"-"0", 84966, 117.738035505986, 19, 120.8263075807, -3, 0, 0, 2018-08-20
147, "Qacper"-"0", 86827, 117.598043481939, 86, 147.244383025462, -2, 0, 0, 2018-09-22
148, "WolfpackCorey"-"0", 82186, 117.128276570581, 22, 131.034115163419, -1, 0, 0, 2018-10-23
149, "YanksFan47"-"0", 40684, 117.117579500533, 40, 117.117579500533, 584, 1, 24.4097304380164, 2018-12-31
150, "teacher2"-"0", 97050, 116.982861826898, 23, 122.143142521593, -2, 0, 0, 2018-09-20
151, "Nurelya"-"0", 99404, 116.904232770516, 12, 121.556064628906, 27, 3, 4.37069980080415, 2018-12-19
152, "allanxo"-"0", 13627, 115.920816706647, 126, 124.105003327999, -23, 3, -5.11343237139933, 2018-12-26
153, "wert"-"0", 48890, 115.751690741713, 32, 125.242896142225, -2, 0, 0, 2018-08-21
154, "KeyboardFire"-"0", 74924, 115.344313602536, 41, 116.216033144847, -2, 3, -0.310573181543432, 2018-12-12
155, "R3dox"-"0", 85398, 115.093439047004, 39, 119.946549056565, -2, 0, 0, 2018-11-11
156, "Randomizer"-"0", 44860, 115.027906989848, 433, 161.589379834089, -2, 0, 0, 2018-09-14
157, "DaButterMan"-"0", 100010, 114.870732782546, 12, 116.795344396797, 4, 1, 0.952809843803905, 2018-12-08
158, "Spitnaz"-"0", 63805, 114.833277780748, 15, 115.346806859459, -3, 0, 0, 2018-09-12
159, "shmits"-"0", 76557, 114.626300027526, 4, 114.626300027526, -2, 0, 0, 2018-09-01
160, "JMB22"-"0", 53670, 114.601748955148, 44, 124.307017056003, -11, 1, -1.66089491239345, 2018-12-21
161, "glasvegas"-"1", 58240, 114.558321298697, 37, 115.984166304847, -3, 0, 0, 2018-11-21
162, "Nephthys"-"0", 86802, 114.509790820208, 31, 120.089740565334, 49, 5, 6.46434438710708, 2018-12-24
163, "Aereaux"-"0", 51750, 114.443721918521, 27, 117.784968998268, -4, 0, 0, 2018-11-24
164, "Malabariano"-"0", 80574, 114.429410059618, 11, 116.772641763922, -4, 0, 0, 2018-07-19
165, "Kingdroid"-"0", 24238, 114.16205747929, 43, 117.318006988244, -15, 1, -1.65452257216363, 2018-12-19
166, "BasRood"-"0", 100922, 114.161842482798, 1, 114.161842482798, New Entry, New Entry, New Entry, 2018-12-07
167, "Themooch"-"0", 84984, 113.747353291172, 17, 113.747353291172, -3, 0, 0, 2018-09-01
168, "icevolcano"-"0", 21908, 113.60773505932, 39, 121.33173941674, -3, 0, 0, 2018-07-25
169, "jwoelmer2"-"0", 94380, 113.57444166856, 11, 113.941231481231, -3, 0, 0, 2018-09-11
170, "Darkone1"-"0", 80078, 113.374934001086, 18, 121.248843546286, -3, 0, 0, 2018-07-02
171, "R-north"-"0", 81309, 113.245425411733, 66, 117.827273656443, -3, 0, 0, 2018-10-11
172, "Captain Tomorrow"-"0", 65287, 112.95850350929, 424, 180.61377531133, -45, 9, -8.22416560686814, 2018-12-29
173, "michaeleb "-"0", 58849, 112.957636488121, 19, 112.957636488121, -2, 0, 0, 2018-07-22
174, "The_MouP"-"0", 101580, 112.94198452402, 3, 113.346794504393, -2, 0, 0, 2018-10-20
175, "ndwyvern"-"0", 51964, 112.939195345789, 43, 127.629057756532, -2, 0, 0, 2018-10-12
176, "webdiplomacy76"-"0", 83633, 112.928235148409, 77, 131.669305875211, -2, 0, 0, 2018-09-16
177, "ssorenn"-"1", 56503, 112.764227341935, 121, 138.534368454422, -2, 0, 0, 2018-11-24
178, "Napoleon of Oz"-"0", 19296, 112.720581850995, 3, 112.720581850995, 29, 1, 4.36725709155159, 2018-12-06
179, "Leonidas"-"0", 35399, 112.679295063643, 78, 130.209981701668, -3, 0, 0, 2018-08-09
180, "Josafina"-"0", 93569, 112.372448898875, 27, 117.329357711095, 429, 10, 16.1273164040802, 2018-12-26
181, "rannjohnson"-"0", 42270, 112.181873945724, 204, 127.704320330579, -44, 4, -6.74247184813836, 2018-12-24
182, "Maluco Rasta"-"0", 74831, 112.157202697225, 33, 115.336629515342, Re-Entry, Re-Entry, Re-Entry, 2018-12-03
183, "hansarsch1"-"0", 85199, 112.09119762612, 12, 112.09119762612, 13, 1, 2.26533604443195, 2018-12-18
184, "sideroxylon1"-"0", 88726, 112.034800102756, 23, 114.021598837021, -5, 0, 0, 2018-11-24
185, "Porphyry"-"0", 78943, 111.988705274275, 8, 113.909149152179, -4, 0, 0, 2018-07-25
186, "Easyman"-"1", 96522, 111.771784708606, 15, 124.8581199858, -4, 0, 0, 2018-07-26
187, "Capture"-"0", 53349, 111.698041707477, 18, 111.698041707477, -4, 0, 0, 2018-08-24
188, "Lea"-"0", 82150, 111.515961854009, 3, 111.515961854009, New Entry, New Entry, New Entry, 2018-12-30
189, "dr. octagonapus"-"0", 40015, 111.481353218286, 89, 128.425032881394, Re-Entry, Re-Entry, Re-Entry, 2018-12-31
190, "bartogian"-"0", 99214, 111.324541151844, 1, 111.324541151844, -6, 0, 0, 2018-10-14
191, "sir mc fluffles"-"0", 84303, 110.98723978163, 36, 110.98723978163, -5, 0, 0, 2018-07-25
192, "Bigdbass"-"0", 76231, 110.924779122461, 18, 114.346595172759, -5, 0, 0, 2018-10-04
193, "folsso"-"0", 75511, 110.815301828508, 11, 116.118366732533, -5, 0, 0, 2018-07-26
194, "OCCASVS"-"0", 30597, 110.814526844486, 67, 120.445728191073, -5, 0, 0, 2018-10-18
195, "Orikami"-"0", 74897, 110.776645344837, 2, 110.776645344837, New Entry, New Entry, New Entry, 2018-12-30
196, "Feste the Great"-"0", 15580, 110.660959219794, 149, 116.136506152863, -34, 2, -3.23080725300386, 2018-12-26
197, "whaskell"-"0", 41053, 110.634485414672, 561, 157.947223091864, -20, 5, -1.9545917349309, 2018-12-29
198, "Utom"-"0", 43908, 110.239198213181, 288, 142.724033692212, -7, 0, 0, 2018-11-11
199, "gordonpup"-"0", 9016, 110.140025541856, 60, 112.574939001369, -7, 0, 0, 2018-11-28
200, "Zachattack413"-"0", 23912, 110.138445867569, 49, 114.996809623408, -7, 0, 0, 2018-11-18
201, "bettelheusen"-"0", 78758, 109.941757815849, 44, 123.916049716893, -6, 0, 0, 2018-11-28
202, "KingLongDingDong"-"0", 101490, 109.664608585675, 7, 133.139904280093, -33, 3, -3.54060322798907, 2018-12-19
203, "jackalb"-"0", 37716, 109.647927371735, 9, 113.280018599081, -4, 0, 0, 2018-08-11
204, "teeccino"-"0", 84344, 109.50630922896, 13, 116.519796859323, Re-Entry, Re-Entry, Re-Entry, 2018-12-20
205, "Alkurian"-"1", 100605, 109.433222596772, 10, 110.201763850511, -8, 1, -0.374963525701006, 2018-12-02
206, "TaiwanPanda"-"0", 18856, 109.397405920483, 4, 112.641597787169, 252, 3, 10.7990186432984, 2018-12-14
207, "mkenig"-"0", 71448, 109.220710922804, 7, 109.220710922804, Re-Entry, Re-Entry, Re-Entry, 2018-12-20
208, "Bawlofyarne"-"0", 89750, 109.191177959485, 18, 115.808825108545, -6, 0, 0, 2018-08-19
209, "Pjsticha"-"0", 99857, 108.992787493351, 6, 109.529853086899, -9, 2, -0.537065593547183, 2018-12-24
210, "ben9990"-"0", 17197, 108.927986781493, 7, 110.606788263985, -7, 0, 0, 2018-09-02
211, "vinojardino"-"0", 100604, 108.432201898265, 15, 111.038168267931, -21, 2, -1.95037775140547, 2018-12-19
212, "ThatCrazyGuy"-"0", 61015, 108.33206107385, 21, 108.33206107385, 15, 1, 1.85073038862619, 2018-12-02
213, "Charmander1021"-"0", 97732, 108.15228156385, 1, 108.15228156385, -5, 0, 0, 2018-08-18
214, "Espi"-"0", 66823, 108.147837116808, 47, 121.758969604902, -5, 0, 0, 2018-09-30
215, "Krediax"-"0", 59441, 108.096050633796, 31, 124.026635517768, -5, 0, 0, 2018-08-03
216, "Boondockingdom"-"0", 102041, 107.619047619048, 1, 107.619047619048, -2, 0, 0, 2018-10-15
217, "Aldude"-"0", 102073, 107.619047619048, 1, 107.619047619048, -2, 0, 0, 2018-10-15
218, "Newyork"-"0", 102074, 107.619047619048, 1, 107.619047619048, -2, 0, 0, 2018-10-15
219, "GlacierAge"-"0", 102609, 107.472265549913, 1, 107.472265549913, -2, 0, 0, 2018-11-29
220, "durst"-"0", 80666, 107.464304864218, 108, 156.433154303423, -35, 3, -3.52381294757512, 2018-12-26
221, "TheGovernator"-"0", 91213, 107.365026916564, 6, 107.365026916564, -3, 0, 0, 2018-08-18
222, "MakTub"-"0", 51868, 107.329487579234, 37, 114.249781184766, -9, 1, -0.360637891052733, 2018-12-02
223, "Roadhog"-"0", 80549, 106.815723523414, 98, 116.458090141906, -17, 1, -1.54805396410745, 2018-12-26
224, "helblazer811"-"1", 96858, 106.529540729092, 5, 106.529540729092, 2, 0, 0, 2018-08-03
225, "ef9283"-"0", 98522, 106.465460747866, 19, 114.189600756426, 3, 0, 0, 2018-09-25
226, "Axufstarisum"-"0", 101045, 106.460273779761, 1, 106.460273779761, 3, 0, 0, 2018-09-12
227, "gdc26"-"1", 86697, 106.450877978963, 5, 106.475507031182, 3, 0, 0, 2018-10-09
228, "Doug7878"-"0", 64340, 106.321623601261, 23, 106.739916119294, 13, 1, 0.744455668186006, 2018-12-02
229, "tjromero91"-"0", 80515, 106.292648543294, 19, 111.802537018538, Re-Entry, Re-Entry, Re-Entry, 2018-12-21
230, "??????"-"1", 96052, 106.190286429574, 15, 113.449531675828, 3, 0, 0, 2018-11-29
231, "Chupacabra"-"0", 50823, 105.972974130622, 135, 113.27697848445, 6, 0, 0, 2018-10-14
232, "Oni Nasu"-"0", 100869, 105.860576203898, 14, 116.175812125014, 7, 0, 0, 2018-11-20
233, "caveman crossing"-"0", 90279, 105.756875929781, 3, 107.28958427659, 7, 0, 0, 2018-08-21
234, "Bougalou"-"0", 93980, 105.735977733427, 4, 107.268383207824, -15, 1, -1.53240547439749, 2018-12-18
235, "Yegghel_23"-"0", 82899, 105.627064252653, 55, 108.851876369604, 3, 1, -0.326561044687296, 2018-12-08
236, "Barbarian Professor"-"0", 101889, 105.568429769085, 2, 113.021051664312, -66, 1, -7.45262189522684, 2018-12-06
237, "Fletch!"-"0", 34273, 105.448247878607, 6, 114.372729219902, 5, 0, 0, 2018-11-15
238, "Hrothgar"-"0", 31940, 105.367372940176, 155, 141.65042205935, -14, 1, -1.28795635862886, 2018-12-25
239, "nickopotamus"-"0", 100391, 105.315470738003, 5, 112.922350423183, 13, 2, 0.771412012714521, 2018-12-12
240, "..."-"0", 17163, 105.128849267237, 17, 106.652455778356, 3, 0, 0, 2018-07-12
241, "TimKB"-"0", 94994, 105.119338389789, 7, 106.642807062104, 3, 0, 0, 2018-10-02
242, "gweilowizard"-"0", 102553, 105.068643572126, 2, 105.068643572126, New Entry, New Entry, New Entry, 2018-12-22
243, "CliffDancer"-"0", 81947, 105.059984441517, 2, 105.059984441517, 2, 0, 0, 2018-07-01
244, "jackbell3010"-"0", 102593, 105.029211547047, 2, 105.029211547047, New Entry, New Entry, New Entry, 2018-12-25
245, "Madejon"-"0", 15433, 105.024833052015, 6, 111.389974449107, 1, 0, 0, 2018-07-26
246, "Petehead"-"0", 40122, 105.017916103275, 10, 105.394324404721, Re-Entry, Re-Entry, Re-Entry, 2018-12-12
247, "Felscor"-"0", 88990, 104.883666296706, 5, 108.198171579219, 1, 0, 0, 2018-10-31
248, "GSharp"-"0", 3564, 104.723845307814, 30, 110.928049743971, 1, 0, 0, 2018-09-14
249, "Juanbo"-"0", 76677, 104.690194153411, 21, 106.011400782424, -13, 1, -1.32120662901239, 2018-12-14
250, "Durga"-"0", 69557, 104.647023286883, 14, 105.74133258954, 0, 0, 0, 2018-11-18
251, "mynameismiek"-"0", 18701, 104.617940199336, 1, 104.617940199336, 0, 0, 0, 2018-10-06
252, "ksako8"-"0", 76093, 104.521809440846, 39, 105.129003020373, 57, 1, 2.3750373224794, 2018-12-18
253, "ziran"-"0", 93747, 104.466195571825, 2, 105.9801984062, 0, 0, 0, 2018-11-18
254, "SirThursday"-"0", 59544, 104.423051114862, 3, 104.423051114862, Re-Entry, Re-Entry, Re-Entry, 2018-12-20
255, "Lamish"-"1", 85165, 104.409355428112, 44, 107.929068762731, -1, 0, 0, 2018-07-03
256, "DesertFox159"-"0", 99765, 104.352736630479, 4, 107.368768891127, -1, 0, 0, 2018-10-05
257, "DraperyFalls"-"0", 38718, 104.225360266556, 1, 104.225360266556, 1, 0, 0, 2018-10-18
258, "Krakenonastick"-"0", 102026, 104.225360266556, 1, 104.225360266556, 1, 0, 0, 2018-10-18
259, "mfmise"-"0", 102028, 104.225360266556, 1, 104.225360266556, 1, 0, 0, 2018-10-18
260, "Bugler"-"0", 53099, 104.144725886968, 40, 112.866691530496, 2, 0, 0, 2018-10-04
261, "wise_man"-"0", 71560, 103.981339575193, 32, 116.439181921287, -5, 1, -0.316433757266495, 2018-12-08
262, "truckiec00kies"-"0", 63664, 103.917618288845, 6, 110.759193792644, 1, 0, 0, 2018-11-15
263, "TheoMayniak"-"0", 70078, 103.873674991521, 85, 130.591796652576, 2, 0, 0, 2018-11-30
264, "purevital"-"0", 95092, 103.857953438236, 17, 113.079003605889, -30, 4, -2.28431752877039, 2018-12-19
265, "BillyJoeBob"-"0", 99586, 103.816761517656, 5, 105.350484587717, 1, 0, 0, 2018-11-24
266, "akshu0919"-"0", 78456, 103.767481749185, 26, 117.861094352463, 1, 0, 0, 2018-09-25
267, "maxjnorman"-"0", 95382, 103.717087230258, 5, 103.717087230258, 360, 1, 8.28392292371882, 2018-12-05
268, "DoubtingThomas"-"0", 100195, 103.672306417528, 7, 104.697059558233, 0, 0, 0, 2018-10-12
269, "PhoenixFire"-"0", 94337, 103.657083215292, 5, 106.910485683311, 0, 0, 0, 2018-07-01
270, "Parth"-"0", 64338, 103.556173606002, 7, 103.556173606002, 0, 0, 0, 2018-09-12
271, "Lord_J"-"0", 97669, 103.446814764522, 2, 104.946043964008, -24, 1, -1.49922919948582, 2018-12-08
272, "Viscount Grey"-"1", 91317, 103.401405219922, 9, 110.09102193429, 0, 0, 0, 2018-07-25
273, "TheHand"-"0", 22828, 103.398030381346, 32, 106.121184067746, 0, 0, 0, 2018-09-03
274, "dom.ita"-"0", 66563, 103.382702570286, 29, 106.152237667094, 1, 0, 0, 2018-11-11
275, "djnogueira"-"0", 83750, 103.352917906986, 6, 106.967918885043, 1, 0, 0, 2018-07-26
276, "Aquataur"-"0", 101651, 103.313952175474, 3, 104.913226953962, New Entry, New Entry, New Entry, 2018-12-22
277, "LincolnKuyper"-"1", 99799, 103.292533454172, 3, 107.27367288324, 1, 0, 0, 2018-11-15
278, "Metamnem"-"0", 7221, 103.234506665635, 25, 106.205237533723, 56, 4, 2.35734103205053, 2018-12-28
279, "Hannes Bauer"-"0", 95163, 103.180379164633, 1, 103.180379164633, 1, 0, 0, 2018-07-04
280, "Drisserdriss"-"0", 97714, 103.15276948637, 8, 107.702985104898, 1, 0, 0, 2018-09-30
281, "springm4"-"1", 91440, 103.152661343499, 20, 107.268918209274, 1, 0, 0, 2018-07-23
282, "cstamm"-"1", 73332, 103.138778245156, 8, 104.519464661671, 1, 0, 0, 2018-11-29
283, "zerosignal"-"0", 99097, 103.09594201472, 21, 111.078838240157, -12, 1, -0.369519505429096, 2018-12-19
284, "Mikking"-"0", 69590, 102.975751806781, 77, 104.46815400688, 456, 6, 11.0397873056356, 2018-12-28
285, "haint.abg"-"0", 99410, 102.97284919723, 2, 104.465209330523, 0, 0, 0, 2018-10-02
286, "Stenrosen"-"0", 27616, 102.960949270987, 38, 105.812013453292, 0, 0, 0, 2018-10-18
287, "cardboardbox"-"0", 73687, 102.96032820557, 16, 107.28551022509, -52, 3, -3.16708319280193, 2018-12-14
288, "BancroftS"-"0", 74476, 102.928592716606, 4, 107.88872985952, -1, 0, 0, 2018-10-12
289, "angstpuppet"-"0", 5504, 102.822102284618, 39, 114.481290765505, Re-Entry, Re-Entry, Re-Entry, 2018-12-25
290, "theflyinhawaiian11"-"0", 84616, 102.757475083056, 1, 102.757475083056, -2, 0, 0, 2018-10-06
291, "TheDrownedGod"-"0", 39840, 102.723441407184, 44, 116.079052021501, -2, 0, 0, 2018-09-13
292, "Birchford"-"0", 63089, 102.715604482679, 3, 102.715604482679, -2, 0, 0, 2018-10-28
293, "TarquiniusSuperbus"-"0", 67105, 102.654323901149, 8, 103.022260545956, -2, 0, 0, 2018-10-13
294, "ibuprofen"-"0", 98824, 102.653717410004, 15, 107.931215792461, -15, 4, -0.561778319780913, 2018-12-14
295, "michaelf77"-"0", 62430, 102.645282621656, 32, 111.637918149938, -3, 0, 0, 2018-10-20
296, "Calmar"-"0", 94115, 102.640908868874, 16, 109.627624527582, -76, 2, -4.20089163046951, 2018-12-06
297, "Dusty"-"0", 101023, 102.633083220086, 1, 102.633083220086, New Entry, New Entry, New Entry, 2018-12-06
298, "aburstofrainfall"-"0", 99346, 102.596056866407, 3, 104.519170998865, -5, 0, 0, 2018-07-12
299, "Matt.Clarkson"-"0", 100000, 102.587871992087, 2, 102.587871992087, -5, 0, 0, 2018-08-24
300, "SkiingCougar"-"0", 74650, 102.48699586451, 26, 103.972314645155, -5, 0, 0, 2018-10-14
301, "FlyPenguin"-"0", 72710, 102.457661120926, 47, 112.846469841477, -5, 0, 0, 2018-09-16
302, "jogzilla"-"0", 64709, 102.439453842994, 8, 103.668956545395, -4, 0, 0, 2018-10-24
303, "Denne213"-"0", 90940, 102.335457404444, 4, 102.335457404444, -3, 0, 0, 2018-09-11
304, "Blackwall"-"0", 100708, 102.304361402737, 1, 102.304361402737, -3, 0, 0, 2018-07-22
305, "Creigh"-"0", 38383, 102.30167917535, 33, 105.173977517121, -3, 0, 0, 2018-09-12
306, "bekeb"-"0", 101273, 102.285714285714, 1, 102.285714285714, -3, 0, 0, 2018-10-01
307, "Soyster"-"0", 101734, 102.285714285714, 1, 102.285714285714, -3, 0, 0, 2018-10-01
308, "Chanann"-"0", 101735, 102.285714285714, 1, 102.285714285714, -3, 0, 0, 2018-10-01
309, "Abecbu"-"0", 101737, 102.285714285714, 1, 102.285714285714, -3, 0, 0, 2018-10-01
310, "Aorerith"-"0", 101738, 102.285714285714, 1, 102.285714285714, -3, 0, 0, 2018-10-01
311, "CroakandDagger"-"0", 89255, 102.284265304957, 1, 102.284265304957, New Entry, New Entry, New Entry, 2018-12-25
312, "osric_athanasius"-"0", 103300, 102.117509520232, 1, 102.117509520232, New Entry, New Entry, New Entry, 2018-12-05
313, "Ragnar the Red"-"0", 70369, 102.107629172498, 9, 102.107629172498, -2, 0, 0, 2018-07-04
314, "Agreement"-"0", 101696, 102.065425744687, 2, 102.439533052545, -17, 1, -0.37410730785831, 2018-12-29
315, "scrodz"-"0", 85836, 102.033936505281, 27, 113.168805890223, -3, 0, 0, 2018-10-03
316, "dipplayer2004"-"0", 36056, 102.011575898089, 8, 102.011575898089, -3, 0, 0, 2018-07-02
317, "The Belgian Bulldog"-"0", 103075, 101.997706779181, 1, 101.997706779181, New Entry, New Entry, New Entry, 2018-12-30
318, "A-Mac"-"0", 72796, 101.963789129803, 9, 102.349815720717, Re-Entry, Re-Entry, Re-Entry, 2018-12-18
319, "Trichotillomaniac"-"0", 83197, 101.818091401998, 1, 101.818091401998, -5, 0, 0, 2018-09-18
320, "D-Man"-"1", 100040, 101.800203665672, 2, 101.800203665672, -5, 0, 0, 2018-10-03
321, "GoldenHolden"-"0", 102592, 101.718127703365, 1, 101.718127703365, -3, 0, 0, 2018-11-19
322, "Treebeard"-"0", 95441, 101.616392033008, 5, 103.003400728899, -38, 1, -1.38700869589037, 2018-12-07
323, "Beastofburden"-"0", 91562, 101.574625701931, 2, 101.574625701931, -3, 0, 0, 2018-07-23
324, "Jvault"-"0", 70832, 101.563677185239, 16, 101.563677185239, Re-Entry, Re-Entry, Re-Entry, 2018-12-31
325, "Naptiva"-"0", 70554, 101.563628256974, 11, 103.9208440394, -4, 0, 0, 2018-08-05
326, "caleb0007"-"0", 74857, 101.517332224233, 4, 101.517332224233, 80, 1, 1.88785122382663, 2018-12-03
327, "Scruffer"-"0", 22489, 101.43900355793, 2, 101.7585976565, New Entry, New Entry, New Entry, 2018-12-24
328, "Andyyy"-"0", 102120, 101.34421847216, 2, 101.34421847216, New Entry, New Entry, New Entry, 2018-12-30
329, "Scobos"-"0", 31668, 101.343367747258, 2, 101.343367747258, Re-Entry, Re-Entry, Re-Entry, 2018-12-22
330, "Fiske"-"0", 84972, 101.32397865911, 3, 101.32397865911, -7, 0, 0, 2018-07-27
331, "1453Konstantinople"-"0", 82522, 101.322741597093, 10, 104.242884774094, -7, 0, 0, 2018-08-26
332, "MThor"-"0", 98222, 101.297374743377, 2, 101.660447771131, -7, 0, 0, 2018-07-27
333, "Halls of Mandos"-"0", 72731, 101.209952754579, 18, 102.215397458222, -7, 0, 0, 2018-09-18
334, "axtulkas"-"1", 96954, 101.197519688562, 20, 103.713186471456, -35, 3, -1.19106416137859, 2018-12-28
335, "Link4720"-"1", 76514, 101.104510829172, 3, 102.624858179768, -7, 0, 0, 2018-08-05
336, "Locke-"-"0", 94982, 101.016065637853, 4, 101.016065637853, 26, 1, 1.15360212126323, 2018-12-08
337, "coolcat2310"-"0", 98718, 100.982298028762, 1, 100.982298028762, -7, 0, 0, 2018-08-08
338, "canopus12"-"0", 63995, 100.904662032973, 3, 108.322619751518, -117, 1, -5.89460462380669, 2018-12-07
339, "nikhil"-"0", 70313, 100.891879611669, 25, 110.038647037248, -7, 0, 0, 2018-09-25
340, "roragons"-"0", 9776, 100.855182740659, 7, 102.648465958421, -4, 0, 0, 2018-11-15
341, "subs"-"0", 50171, 100.833333333333, 1, 100.833333333333, -4, 0, 0, 2018-09-26
342, "mikeadamseiler"-"0", 101074, 100.833333333333, 1, 100.833333333333, -4, 0, 0, 2018-09-26
343, "AnEmu"-"0", 101086, 100.833333333333, 1, 100.833333333333, -4, 0, 0, 2018-09-26
344, "ForeGod"-"0", 101137, 100.787216375132, 1, 100.787216375132, -4, 0, 0, 2018-11-24
345, "Ethan7"-"1", 101699, 100.757231694167, 1, 100.757231694167, -4, 0, 0, 2018-10-26
346, "Jxck"-"1", 102210, 100.716780264069, 2, 102.177011296682, -38, 1, -1.4602310326127, 2018-12-28
347, "robodirge"-"0", 98735, 100.690165012704, 13, 115.196881315735, 9, 1, 0.566581792817203, 2018-12-12
348, "Penteract"-"0", 96513, 100.595849477178, 14, 106.814636100897, -6, 0, 0, 2018-11-10
349, "Yaniv"-"0", 7728, 100.56802935675, 82, 126.175003690198, -6, 0, 0, 2018-11-08
350, "aklimkewicz"-"0", 61144, 100.531495582785, 6, 101.050716719881, -6, 0, 0, 2018-11-20
351, "Garacus the hammer"-"0", 55940, 100.507842450536, 5, 100.507842450536, -6, 0, 0, 2018-10-07
352, "ByzantineX"-"0", 102021, 100.314475743477, 4, 106.775481947005, -121, 1, -6.07966519657438, 2018-12-06
353, "Matthaus Rex"-"0", 99751, 100.303291849235, 6, 101.023600428823, -7, 0, 0, 2018-11-23
354, "PeterAlexLyon"-"0", 39510, 100.241995002082, 4, 100.241995002082, -6, 0, 0, 2018-10-18
355, "BV17"-"0", 83258, 100.208506028275, 3, 100.799915878321, -6, 0, 0, 2018-09-12
356, "pieman2201"-"0", 85738, 100.186848804637, 5, 107.798761340079, -6, 0, 0, 2018-09-14
357, "aidyp"-"0", 94701, 100.176020408163, 1, 100.176020408163, -6, 0, 0, 2018-10-19
358, "Maxdp"-"0", 100381, 100.176020408163, 1, 100.176020408163, -6, 0, 0, 2018-10-19
359, "thegingerninja3"-"0", 102211, 100.176020408163, 1, 100.176020408163, -6, 0, 0, 2018-10-19
360, "Riewel"-"0", 98914, 100.171171365499, 3, 100.530207822007, -6, 0, 0, 2018-07-15
361, "LordNivlek"-"0", 98913, 100.168645361238, 7, 100.849532907325, -6, 0, 0, 2018-08-17
362, "Kaiser Zaqqaz"-"0", 46865, 100.070241193729, 4, 100.428915893349, -3, 0, 0, 2018-10-02
363, "Anneal"-"0", 91343, 100.023022938963, 13, 102.721793231791, -3, 0, 0, 2018-07-03
364, "FriendlyNation"-"0", 53778, 99.7707740822433, 4, 101.216727329812, 0, 0, 0, 2018-10-03
365, "J053ph J0ffr3"-"0", 101925, 99.7406696846089, 1, 100, 0, 0, 0, 2018-11-15
366, "Hellfire Missile"-"0", 82788, 99.7276492193265, 1, 100, 0, 0, 0, 2018-08-14
367, "GoodBoi97"-"1", 102947, 99.7231627302033, 1, 100, 0, 0, 0, 2018-11-28
368, "Zeppe"-"1", 99579, 99.7174759346188, 1, 100, 0, 0, 0, 2018-09-11
369, "calgidl"-"0", 103409, 99.6913569338691, 1, 100, New Entry, New Entry, New Entry, 2018-12-24
370, "warlord922"-"0", 31693, 99.6912609110781, 1, 100, -1, 0, 0, 2018-09-24
371, "E_Ritter-CritteR5"-"1", 82194, 99.6893885497196, 2, 100, -1, 0, 0, 2018-09-27
372, "jamesa7171"-"0", 99868, 99.6784096268823, 1, 100, -1, 0, 0, 2018-11-02
373, "nmurali"-"0", 99467, 99.6758228598898, 1, 100, -1, 0, 0, 2018-10-02
374, "HerrZoltan"-"0", 101013, 99.6758228598898, 1, 100, -1, 0, 0, 2018-10-02
375, "jeroen10j"-"0", 97309, 99.674621959329, 1, 100, -1, 0, 0, 2018-10-11
376, "seanburrows"-"0", 98079, 99.6434600677193, 1, 100, -1, 0, 0, 2018-10-22
377, "fishtaqo"-"0", 102199, 99.6434600677193, 1, 100, -1, 0, 0, 2018-10-22
378, "tyrlaka"-"0", 36599, 99.6428571428571, 1, 100, -1, 0, 0, 2018-09-25
379, "mhsttd"-"0", 44971, 99.6428571428571, 1, 100, -1, 0, 0, 2018-09-26
380, "drno904"-"0", 49962, 99.6428571428571, 1, 100, -1, 0, 0, 2018-09-26
381, "shower"-"0", 50178, 99.6428571428571, 1, 100, -1, 0, 0, 2018-09-26
382, "curry66wurst"-"0", 53509, 99.6428571428571, 1, 100, -1, 0, 0, 2018-07-13
383, "gortron"-"0", 90322, 99.6428571428571, 1, 100, 0, 0, 0, 2018-09-26
384, "FranzJoey"-"0", 90324, 99.6428571428571, 1, 100, 0, 0, 0, 2018-09-26
385, "Jerryminefeld"-"0", 90373, 99.6428571428571, 1, 100, 0, 0, 0, 2018-09-26
386, "Regalus27"-"0", 94649, 99.6428571428571, 1, 100, 0, 0, 0, 2018-07-25
387, "valerii.onyshchenko"-"0", 96345, 99.6428571428571, 1, 100, 0, 0, 0, 2018-10-12
388, "wolffman1221"-"1", 97752, 99.6428571428571, 1, 100, 2, 0, 0, 2018-11-28
389, "Nonagon_9"-"0", 97759, 99.6428571428571, 1, 100, 2, 0, 0, 2018-11-28
390, "Tycoda"-"0", 99025, 99.6428571428571, 1, 100, 2, 0, 0, 2018-07-27
391, "andycandy"-"0", 99134, 99.6428571428571, 1, 100, 3, 0, 0, 2018-07-27
392, "LucasvG"-"1", 99496, 99.6428571428571, 1, 100, 4, 0, 0, 2018-07-19
393, "Koovan"-"0", 100086, 99.6428571428571, 1, 100, 4, 0, 0, 2018-09-23
394, "fbrrrs1"-"0", 100880, 99.6428571428571, 1, 100, 4, 0, 0, 2018-11-20
395, "Sweetlee"-"0", 101078, 99.6428571428571, 1, 100, 4, 0, 0, 2018-09-26
396, "FuriousKitten"-"0", 101079, 99.6428571428571, 1, 100, New Entry, New Entry, New Entry, 2018-12-19
397, "Bartojnr"-"0", 101093, 99.6428571428571, 1, 100, 3, 0, 0, 2018-10-05
398, "Beardsworth"-"0", 101294, 99.6428571428571, 1, 100, New Entry, New Entry, New Entry, 2018-12-03
399, "NomadicOstrich"-"0", 101437, 99.6428571428571, 1, 100, 2, 0, 0, 2018-10-18
400, "Sohlo"-"0", 101745, 99.6428571428571, 1, 100, 2, 0, 0, 2018-11-11
401, "Ricardas"-"0", 101798, 99.6428571428571, 1, 100, 2, 0, 0, 2018-10-16
402, "Ummm"-"0", 101878, 99.6428571428571, 1, 100, 2, 0, 0, 2018-11-24
403, "MageFox"-"0", 102518, 99.6428571428571, 1, 100, 2, 0, 0, 2018-11-16
404, "lrussell97"-"0", 99887, 99.625253381288, 1, 100, 3, 0, 0, 2018-07-24
405, "DominatorLJ"-"0", 93465, 99.5045272914779, 6, 100.219099698769, -42, 1, -0.356647051223931, 2018-12-19
406, "The_Noob"-"1", 98364, 99.4972574078146, 1, 100, 4, 0, 0, 2018-08-20
407, "jerkken"-"0", 101569, 99.4606196645682, 1, 100, 4, 0, 0, 2018-11-22
408, "ppartay"-"0", 99446, 99.4548313981774, 1, 100, 4, 0, 0, 2018-10-30
409, "Naratheen"-"0", 102626, 99.435195614661, 2, 100, 4, 0, 0, 2018-11-19
410, "LORD_SAURON'S_press_secretary"-"0", 86783, 99.4324264120969, 6, 105.458634073436, 4, 0, 0, 2018-08-18
411, "mcnett04"-"0", 93152, 99.3929657685296, 17, 103.375201720231, 4, 0, 0, 2018-09-20
412, "queenskid123"-"1", 102018, 99.3807367939749, 3, 106.766382253721, -190, 2, -7.38564545974582, 2018-12-25
413, "funnykoala"-"0", 83216, 99.3771969235324, 2, 100, 3, 0, 0, 2018-07-25
414, "NascentEcho"-"0", 98855, 99.3749282377901, 5, 107.693015541933, 3, 0, 0, 2018-10-14
415, "NamelessChangeling"-"0", 90193, 99.374530279516, 9, 101.484774738922, 3, 0, 0, 2018-10-15
416, "jamblakk"-"0", 102839, 99.3465575875688, 3, 100.786362769997, New Entry, New Entry, New Entry, 2018-12-26
417, "Reeceology"-"0", 87934, 99.3363193951432, 2, 100, 2, 0, 0, 2018-09-24
418, "sirKristof"-"1", 12733, 99.3128305936482, 240, 165.403070770475, -10, 1, -0.288578318236816, 2018-12-08
419, "abbygrrl"-"0", 57165, 99.2862953065617, 2, 100, 1, 0, 0, 2018-08-26
420, "Coral"-"0", 81644, 99.2857142857143, 1, 100, 1, 0, 0, 2018-09-18
421, "Greg_the_republican"-"0", 97158, 99.2857142857143, 1, 100, 1, 0, 0, 2018-10-07
422, "Lukeydookey"-"0", 100378, 99.2857142857143, 1, 100, 1, 0, 0, 2018-10-19
423, "Narjia"-"0", 100884, 99.2857142857143, 1, 100, 1, 0, 0, 2018-08-10
424, "Sinrir"-"0", 101591, 99.2857142857143, 1, 100, 1, 0, 0, 2018-09-18
425, "China123"-"0", 102190, 99.2857142857143, 1, 100, 1, 0, 0, 2018-10-11
426, "TheWizard13"-"0", 103716, 99.2857142857143, 1, 100, New Entry, New Entry, New Entry, 2018-12-26
427, "bncsoccer"-"0", 103725, 99.2857142857143, 1, 100, New Entry, New Entry, New Entry, 2018-12-26
428, "Enture"-"1", 51968, 99.1952477374456, 10, 100.131823228609, 1, 0, 0, 2018-07-26
429, "potatoe"-"0", 48889, 99.1792246623721, 3, 100, 1, 0, 0, 2018-08-21
430, "Odo the Great"-"0", 101026, 99.1758721810418, 2, 105.186531101105, 1, 0, 0, 2018-10-27
431, "RacineMerritt"-"0", 94467, 99.1615170743349, 5, 100, 1, 0, 0, 2018-11-24
432, "dvd1204"-"0", 90281, 99.1578881844291, 3, 100, 1, 0, 0, 2018-08-21
433, "Spartan001"-"0", 69981, 99.1502054924998, 1, 100, 1, 0, 0, 2018-11-29
434, "montalvo"-"0", 50368, 99.0492365925165, 1, 100, 4, 0, 0, 2018-09-27
435, "Badrox"-"0", 70956, 99.0157918422336, 3, 100, 5, 0, 0, 2018-09-18
436, "FearBot"-"0", 100363, 98.9917290042907, 5, 100, 5, 0, 0, 2018-10-13
437, "Castlead"-"0", 102105, 98.9422701123546, 1, 100, 5, 0, 0, 2018-10-09
438, "eddy"-"0", 98485, 98.9311224489796, 2, 100, 6, 0, 0, 2018-07-23
439, "t"-"1", 97721, 98.9208235967538, 7, 100.666232239627, 6, 0, 0, 2018-10-20
440, "Fishstudios"-"0", 47420, 98.8741416858987, 8, 102.214172380888, 6, 0, 0, 2018-11-11
441, "Trizeam"-"0", 67799, 98.8593966602508, 1, 100, New Entry, New Entry, New Entry, 2018-12-05
442, "scarsafa"-"0", 103020, 98.8593966602508, 1, 100, New Entry, New Entry, New Entry, 2018-12-05
443, "1sadtrombone"-"0", 91215, 98.8450855641046, 1, 100, New Entry, New Entry, New Entry, 2018-12-05
444, "asdfasdfasdf"-"0", 103461, 98.8450855641046, 1, 100, New Entry, New Entry, New Entry, 2018-12-05
445, "legaala"-"0", 101715, 98.838120173415, 3, 100, New Entry, New Entry, New Entry, 2018-12-12
446, "Ewanderful"-"1", 102242, 98.7576530612245, 2, 100, 2, 0, 0, 2018-10-19
447, "Wusti"-"0", 37752, 98.75650944103, 159, 112.329791594983, 2, 0, 0, 2018-10-09
448, "Oreo"-"1", 101700, 98.7337212172662, 1, 100, New Entry, New Entry, New Entry, 2018-12-19
449, "KrautKiller"-"0", 103673, 98.7337212172662, 1, 100, New Entry, New Entry, New Entry, 2018-12-19
450, "ArtillerySalvo"-"0", 102606, 98.7077110794496, 2, 100, -14, 1, -0.353791079137807, 2018-12-12
451, "PG25"-"0", 101000, 98.7008865113817, 1, 100, -1, 0, 0, 2018-09-17
452, "67038"-"1", 93305, 98.6882844466778, 1, 100, -1, 0, 0, 2018-08-28
453, "CincoDeGoya"-"0", 100423, 98.6881712551203, 1, 100, -1, 0, 0, 2018-08-03
454, "Meshakhad"-"0", 102330, 98.6723668830363, 1, 100, 1, 0, 0, 2018-10-25
455, "Horatius"-"0", 75322, 98.6506516871583, 2, 100, Re-Entry, Re-Entry, Re-Entry, 2018-12-18
456, "Omphalos"-"0", 78757, 98.6467984215412, 64, 100, 92, 3, 0.938534673306904, 2018-12-29
457, "Leopold Bloom"-"0", 98091, 98.6237647835671, 1, 100, 0, 0, 0, 2018-08-11
458, "Kaiser Kel"-"0", 101292, 98.601330246934, 1, 100, New Entry, New Entry, New Entry, 2018-12-28
459, "Vasisubani"-"0", 102389, 98.601330246934, 1, 100, New Entry, New Entry, New Entry, 2018-12-28
460, "Eukarya"-"0", 102611, 98.5983872771844, 1, 100, -1, 0, 0, 2018-11-24
461, "albor"-"0", 99417, 98.5777970116618, 3, 100, -1, 0, 0, 2018-09-16
462, "TheMarxistReloaded"-"0", 56815, 98.5714285714286, 1, 100, 0, 0, 0, 2018-08-28
463, "aminerd"-"0", 57324, 98.5714285714286, 1, 100, 0, 0, 0, 2018-10-26
464, "flyinmonky"-"0", 66191, 98.5714285714286, 1, 100, 0, 0, 0, 2018-07-27
465, "Netflix&amp;Conquer"-"0", 77511, 98.5714285714286, 1, 100, New Entry, New Entry, New Entry, 2018-12-14
466, "ncalphawolf"-"0", 88647, 98.5714285714286, 1, 100, -1, 0, 0, 2018-07-06
467, "Carol"-"0", 90400, 98.5714285714286, 1, 100, -1, 0, 0, 2018-08-16
468, "StefanB."-"0", 97402, 98.5714285714286, 1, 100, 0, 0, 0, 2018-10-03
469, "Ficere"-"1", 98475, 98.5714285714286, 1, 100, New Entry, New Entry, New Entry, 2018-12-01
470, "LifeFindsaWay"-"1", 99085, 98.5714285714286, 1, 100, 4, 0, 0, 2018-08-08
471, "kjbonill"-"0", 99416, 98.5714285714286, 1, 100, 5, 0, 0, 2018-07-27
472, "cooleniek"-"1", 99727, 98.5714285714286, 1, 100, 6, 0, 0, 2018-07-10
473, "ferrucciom"-"0", 99932, 98.5714285714286, 1, 100, 7, 0, 0, 2018-07-22
474, "General Elliott"-"0", 99980, 98.5714285714286, 1, 100, 7, 0, 0, 2018-08-10
475, "EsketitGeneral"-"0", 100439, 98.5714285714286, 1, 100, 11, 0, 0, 2018-07-23
476, "Coumor"-"0", 100660, 98.5714285714286, 1, 100, 11, 0, 0, 2018-09-01
477, "Nikking"-"0", 100699, 98.5714285714286, 1, 100, 11, 0, 0, 2018-11-12
478, "DieBombe"-"0", 100710, 98.5714285714286, 1, 100, 11, 0, 0, 2018-09-19
479, "Aurelin"-"0", 100862, 98.5714285714286, 1, 100, New Entry, New Entry, New Entry, 2018-12-20
480, "General Oklahoma"-"0", 101220, 98.5714285714286, 1, 100, 10, 0, 0, 2018-11-24
481, "BooRadley"-"1", 101632, 98.5714285714286, 1, 100, New Entry, New Entry, New Entry, 2018-12-14
482, "Lotus18"-"0", 101816, 98.5714285714286, 1, 100, 9, 0, 0, 2018-10-12
483, "vbrushe"-"1", 101833, 98.5714285714286, 1, 100, 9, 0, 0, 2018-10-10
484, "Kallikalev"-"0", 101923, 98.5714285714286, 1, 100, 10, 0, 0, 2018-10-26
485, "Blaloch"-"0", 101953, 98.5714285714286, 1, 100, 11, 0, 0, 2018-09-18
486, "Lonpete1914"-"0", 101954, 98.5714285714286, 1, 100, 11, 0, 0, 2018-09-18
487, "ThePhysicist"-"0", 101955, 98.5714285714286, 1, 100, 11, 0, 0, 2018-09-18
488, "tomasie"-"0", 101961, 98.5714285714286, 1, 100, 11, 0, 0, 2018-10-15
489, "cameron1288"-"0", 102012, 98.5714285714286, 1, 100, 11, 0, 0, 2018-10-15
490, "Drone666"-"0", 102064, 98.5714285714286, 1, 100, New Entry, New Entry, New Entry, 2018-12-21
491, "Euterpe"-"0", 102322, 98.5714285714286, 1, 100, 10, 0, 0, 2018-10-15
492, "the5thelephant"-"0", 102333, 98.5714285714286, 1, 100, 10, 0, 0, 2018-11-02
493, "BiggleBobb"-"0", 102425, 98.5714285714286, 1, 100, New Entry, New Entry, New Entry, 2018-12-08
494, "fengshui"-"0", 102519, 98.5714285714286, 1, 100, New Entry, New Entry, New Entry, 2018-12-21
495, "ThatWilsoKid"-"0", 102764, 98.5714285714286, 1, 100, New Entry, New Entry, New Entry, 2018-12-28
496, "ThatDerp"-"0", 102826, 98.5714285714286, 1, 100, New Entry, New Entry, New Entry, 2018-12-26
497, "dyldaem"-"0", 102928, 98.5714285714286, 1, 100, New Entry, New Entry, New Entry, 2018-12-26
498, "Treeman"-"1", 103096, 98.5714285714286, 1, 100, 6, 0, 0, 2018-11-20
499, "davidy2911"-"0", 103101, 98.5714285714286, 1, 100, 6, 0, 0, 2018-11-20
500, "Jeans69"-"1", 103118, 98.5714285714286, 1, 100, New Entry, New Entry, New Entry, 2018-12-14
501, "lordbradfield"-"0", 103196, 98.5714285714286, 1, 100, 5, 0, 0, 2018-11-24
502, "Emperor Diplomastan"-"1", 103216, 98.5714285714286, 1, 100, 5, 0, 0, 2018-11-26
503, "TheGrandVizier"-"0", 103317, 98.5714285714286, 1, 100, 5, 0, 0, 2018-11-30
504, "cfius"-"1", 103428, 98.5714285714286, 1, 100, New Entry, New Entry, New Entry, 2018-12-19
505, "Partlyepic"-"1", 103525, 98.5714285714286, 1, 100, New Entry, New Entry, New Entry, 2018-12-21
506, "Taro1z"-"0", 100223, 98.5502404559095, 1, 100, 3, 0, 0, 2018-08-01
507, "Not Tom"-"0", 100352, 98.5502404559095, 1, 100, 3, 0, 0, 2018-08-01
508, "CooperScooper"-"0", 99360, 98.5195607558441, 1, 100, 4, 0, 0, 2018-09-01
509, "Metsuke"-"0", 102524, 98.506384881311, 5, 100, 135, 1, 3.97261186531087, 2018-12-07
510, "pangloss"-"0", 57273, 98.5050116707025, 13, 101.226229813384, 3, 0, 0, 2018-07-04
511, "fadgyasb"-"0", 75623, 98.3880499624619, 11, 104.301434279799, 69, 1, 1.28636933733014, 2018-12-29
512, "canthearthemusic"-"0", 96377, 98.3780043922617, 3, 100.161492186813, 2, 0, 0, 2018-07-26
513, "joeldetweiler"-"0", 100674, 98.3388704318937, 1, 100, 2, 0, 0, 2018-10-06
514, "Kazzar"-"0", 55485, 98.322143557357, 25, 100.880839348344, Re-Entry, Re-Entry, Re-Entry, 2018-12-29
515, "KrigsHerre5707"-"0", 102156, 98.3135705426453, 2, 100, 1, 0, 0, 2018-11-16
516, "Palpoutrox"-"0", 96077, 98.3024444405098, 2, 100, 1, 0, 0, 2018-11-28
517, "Wazdakka"-"0", 95785, 98.2639452811515, 2, 100, 1, 0, 0, 2018-08-05
518, "Verming"-"0", 82875, 98.2307525807248, 5, 107.540115518798, -257, 1, -5.95337894428636, 2018-12-05
519, "nfscarbone"-"0", 46448, 98.2218116914461, 2, 100, 3, 0, 0, 2018-10-04
520, "Poringo"-"0", 63814, 98.219387755102, 2, 100, 3, 0, 0, 2018-09-05
521, "Dogman21"-"0", 95399, 98.219387755102, 2, 100, 3, 0, 0, 2018-08-17
522, "SewingWithNancy"-"0", 101184, 98.219387755102, 2, 100, 5, 0, 0, 2018-10-18
523, "AxelCortada"-"1", 101507, 98.219387755102, 2, 100, 5, 0, 0, 2018-11-11
524, "SkipperYonGetrekt"-"0", 101560, 98.2062749590431, 2, 100, 5, 0, 0, 2018-10-26
525, "tus3"-"0", 100230, 98.1982753114241, 2, 100, 5, 0, 0, 2018-10-13
526, "yjt0801"-"0", 95077, 98.171045637427, 3, 100, 5, 0, 0, 2018-07-25
527, "Redrame"-"0", 35547, 98.1417972977518, 13, 101.805792248894, 5, 0, 0, 2018-08-05
528, "10195097"-"1", 91466, 98.0956108975998, 4, 100, 5, 0, 0, 2018-07-15
529, "RaG"-"0", 81021, 98.0740906390123, 7, 102.283272295002, 5, 0, 0, 2018-10-12
530, "King John"-"0", 87239, 98.0714749312248, 16, 110.177422551281, 5, 0, 0, 2018-11-12
531, "jpereira88"-"1", 90995, 98.0295747107033, 2, 100, Re-Entry, Re-Entry, Re-Entry, 2018-12-07
532, "moresunward"-"0", 74332, 98.0217657863586, 26, 107.363096573271, 4, 0, 0, 2018-11-10
533, "Carnivore"-"1", 96097, 97.9893382904265, 2, 100, 4, 0, 0, 2018-09-11
534, "Tanteno"-"0", 89708, 97.961259001064, 8, 100.349128083022, -87, 1, -0.870048366911064, 2018-12-05
535, "Benny34"-"0", 101038, 97.9107742093261, 4, 100, 3, 0, 0, 2018-10-15
536, "Beatle"-"0", 90395, 97.8933686607682, 3, 100, 3, 0, 0, 2018-09-14
537, "Rach1100"-"0", 93857, 97.8925964531093, 2, 100, 3, 0, 0, 2018-08-14
538, "cian"-"1", 30203, 97.8673469387755, 2, 100, 3, 0, 0, 2018-08-31
539, "SardonicMartyr"-"0", 98229, 97.8673469387755, 2, 100, 3, 0, 0, 2018-10-12
540, "claytonsav"-"0", 102608, 97.8673469387755, 2, 100, -113, 1, -1.41836734693878, 2018-12-14
541, "TimChew27"-"0", 98745, 97.8149096466858, 2, 100, 3, 0, 0, 2018-07-10
542, "dyedinthewool"-"0", 55953, 97.8111510863674, 24, 106.230444262311, 3, 0, 0, 2018-10-18
543, "rjlace23"-"0", 101868, 97.8042163062693, 9, 100, -32, 2, -0.717706237175904, 2018-12-28
544, "WarLegend"-"0", 37569, 97.7849711260334, 37, 112.722762183417, 50, 2, 1.05695639292823, 2018-12-27
545, "Unstupid"-"0", 76467, 97.7742937375198, 13, 101.91353747623, 1, 0, 0, 2018-11-29
546, "wokulski1"-"0", 102787, 97.7588643922607, 3, 100, 23, 1, 0.595599086138222, 2018-12-24
547, "J.Will"-"0", 98700, 97.7045429436642, 4, 100.244826163741, 2, 0, 0, 2018-07-23
548, "Generic"-"0", 87288, 97.6979781111121, 5, 100, 2, 0, 0, 2018-07-24
549, "bunp"-"0", 102428, 97.6655008499939, 2, 100, 2, 0, 0, 2018-10-26
550, "Crazy Anglican"-"0", 15340, 97.6105846034897, 16, 104.800475821105, 2, 0, 0, 2018-10-16
551, "BeauNanners"-"0", 93497, 97.5190734980217, 4, 100, 3, 0, 0, 2018-09-25
552, "Fukushu"-"0", 30449, 97.4917037718228, 4, 100.562004844037, 3, 0, 0, 2018-08-28
553, "vincenzo"-"0", 98905, 97.3937389259113, 5, 100, -6, 1, -0.34908150152657, 2018-12-05
554, "HiungNu"-"0", 48709, 97.3422647519156, 2, 100, 3, 0, 0, 2018-08-24
555, "Fluffy Freddo"-"0", 100412, 97.3225362984529, 1, 100, New Entry, New Entry, New Entry, 2018-12-06
556, "What1881"-"0", 93359, 97.3159966192288, 6, 100.253436047732, 2, 0, 0, 2018-11-08
557, "zacholson56"-"0", 89410, 97.2968129276791, 2, 100, 2, 0, 0, 2018-08-03
558, "DollarMenuDino"-"0", 101952, 97.2660974671273, 3, 100, -63, 2, -1.30533110430123, 2018-12-29
559, "DarkOrca"-"0", 95161, 97.2641866862009, 3, 100, 1, 0, 0, 2018-07-10
560, "Synarus"-"0", 39657, 97.1950337724883, 6, 100.391236093027, 1, 0, 0, 2018-07-27
561, "Sasori282"-"0", 84967, 97.1632653061224, 2, 100, 3, 0, 0, 2018-07-08
562, "Ewreck"-"0", 97359, 97.1632653061224, 2, 100, 3, 0, 0, 2018-08-27
563, "Lokelo"-"0", 101533, 97.1632653061224, 2, 100, New Entry, New Entry, New Entry, 2018-12-21
564, "eRommel"-"1", 101804, 97.1632653061224, 2, 100, 2, 0, 0, 2018-09-23
565, "Meight"-"0", 101897, 97.1632653061224, 2, 100, -72, 1, -1.40816326530613, 2018-12-05
566, "DavyCrockett"-"0", 102339, 97.1632653061224, 2, 100, 1, 0, 0, 2018-10-15
567, "Fazerdaze"-"0", 103095, 97.1632653061224, 2, 100, New Entry, New Entry, New Entry, 2018-12-19
568, "Rancher"-"0", 28079, 97.1545977153876, 321, 140.744466636085, -210, 3, -2.93482231050972, 2018-12-15
569, "BarnabyWilde"-"0", 86291, 97.1499792630236, 32, 105.753890338633, 7, 0, 0, 2018-10-29
570, "FabioCZ"-"0", 88879, 97.1428571428571, 1, 100, 7, 0, 0, 2018-10-06
571, "fancydavis"-"0", 100676, 97.1428571428571, 1, 100, 7, 0, 0, 2018-10-06
572, "jj337"-"0", 75609, 97.1162591316984, 10, 104.123380446098, 7, 0, 0, 2018-10-07
573, "Squigs44"-"0", 59641, 97.0727372899619, 9, 101.318788681264, -17, 1, -0.318109657656507, 2018-12-29
574, "gnomon"-"0", 95243, 96.9951333488274, 3, 100, Re-Entry, Re-Entry, Re-Entry, 2018-12-08
575, "Tonsvikingen"-"0", 51194, 96.9737308699169, 34, 107.249863836418, 8, 0, 0, 2018-09-23
576, "Il Principe"-"0", 24048, 96.9260612084822, 129, 111.777283170344, 9, 0, 0, 2018-11-10
577, "francium18"-"0", 72234, 96.8944181850137, 3, 100, 9, 0, 0, 2018-09-02
578, "gamine"-"1", 67771, 96.8656055889973, 63, 122.954258240941, 38, 2, 0.938353905181245, 2018-12-30
579, "jerrybeansman"-"0", 102176, 96.8421478798318, 3, 100, -59, 1, -1.40350938956279, 2018-12-19
580, "Caleb?"-"1", 97063, 96.8372070693991, 3, 100, 7, 0, 0, 2018-08-20
581, "dchurikov"-"0", 97439, 96.8343255255927, 3, 100, -60, 1, -1.40339602211004, 2018-12-26
582, "Stbwalker3"-"1", 97565, 96.8280071757494, 3, 100, 7, 0, 0, 2018-07-27
583, "KingOfWatchestan"-"0", 57695, 96.8154767405519, 6, 100, -13, 1, -0.347008877206278, 2018-12-03
584, "IvantheTerrible"-"0", 97556, 96.7624071340885, 3, 100, 7, 0, 0, 2018-07-25
585, "PsychoZA"-"0", 87865, 96.7606392562667, 3, 102.624920423313, 7, 0, 0, 2018-08-23
586, "geek2live"-"0", 96146, 96.7245607450855, 12, 107.357709991557, 9, 0, 0, 2018-10-16
587, "duckofspades"-"0", 53851, 96.6880677003006, 4, 103.047247707687, 9, 0, 0, 2018-11-15
588, "GaryLee"-"0", 68621, 96.6825996504313, 80, 107.202631377004, 9, 0, 0, 2018-11-28
589, "Dimitar"-"0", 27692, 96.5460521073378, 30, 100, 11, 0, 0, 2018-07-13
590, "Overmind"-"0", 54525, 96.5128362465951, 61, 100.62528287621, 11, 0, 0, 2018-10-02
591, "CogZilla"-"0", 88460, 96.4828446028424, 15, 100.269045678189, 12, 0, 0, 2018-11-13
592, "Nash94"-"0", 90293, 96.3534247399859, 2, 100, 13, 0, 0, 2018-11-12
593, "Riccardo Falconi"-"0", 98501, 96.3534247399859, 2, 100, 13, 0, 0, 2018-11-12
594, "Sitiya"-"0", 82548, 96.2670757265144, 3, 100, 13, 0, 0, 2018-08-19
595, "TheFlyingJarate"-"0", 82253, 96.2517263304124, 4, 100, 13, 0, 0, 2018-08-01
596, "Gishsteele"-"0", 86493, 96.2341651332663, 5, 100, 14, 0, 0, 2018-11-16
597, "TheOddTony"-"0", 92290, 96.2216517897727, 5, 100, Re-Entry, Re-Entry, Re-Entry, 2018-12-19
598, "Vavi&scaron;ko"-"0", 95834, 96.1782914177483, 5, 100, 13, 0, 0, 2018-11-02
599, "12th_House"-"0", 72510, 96.115421134316, 3, 100, 13, 0, 0, 2018-10-14
600, "New England Fire Squad"-"0", 96423, 96.1098568357269, 6, 100.067878191083, -144, 2, -2.51629536385049, 2018-12-22
601, "KOM?AD USHA?KA"-"0", 83159, 96.0818414161041, 8, 100, 12, 0, 0, 2018-10-11
602, "neonpogotank"-"0", 97637, 96.0811093786572, 4, 100, 12, 0, 0, 2018-11-15
603, "MaximumSoap"-"0", 103206, 96.0092288625916, 1, 100, New Entry, New Entry, New Entry, 2018-12-31
604, "Mercy"-"0", 45552, 95.9841266412864, 7, 100, 11, 0, 0, 2018-10-15
605, "josiahedmund"-"0", 76545, 95.967809479885, 3, 100, Re-Entry, Re-Entry, Re-Entry, 2018-12-19
606, "RavenEyed"-"0", 102360, 95.9290803173544, 3, 100, -38, 1, -1.23418498876802, 2018-12-07
607, "Conscripts"-"0", 100721, 95.9244063257637, 2, 100, 10, 0, 0, 2018-08-09
608, "Epic"-"0", 102063, 95.9021675620908, 3, 100, 10, 0, 0, 2018-11-16
609, "Twinky"-"0", 90988, 95.8562344728163, 18, 100, 10, 0, 0, 2018-11-01
610, "RAGINGWOMBLE"-"0", 98381, 95.7826369342048, 6, 100, 10, 0, 0, 2018-08-17
611, "erzetael"-"0", 86444, 95.7445268432886, 64, 101.738898567553, -294, 1, -5.99437172426467, 2018-12-24
612, "TotoDura"-"0", 99336, 95.7317283934485, 2, 100, 9, 0, 0, 2018-11-08
613, "awood"-"0", 84679, 95.7275514523209, 39, 102.137290757534, 9, 0, 0, 2018-07-26
614, "jwomlo"-"0", 73816, 95.693283407061, 8, 100, -33, 1, -1.38685917981248, 2018-12-01
615, "christopherMC"-"1", 101289, 95.6360596741852, 4, 102.902216162386, -33, 1, -1.38602985035051, 2018-12-14
616, "tobieee911"-"0", 99934, 95.5808995319535, 7, 100, 78, 2, 1.71734546628807, 2018-12-30
617, "HasAlaam"-"0", 100768, 95.4528141260293, 4, 100, -29, 1, -1.38337411776854, 2018-12-14
618, "ARC842"-"0", 92162, 95.4363893372697, 5, 100, 8, 0, 0, 2018-07-24
619, "AJPietro"-"0", 73634, 95.4199417893481, 18, 100, 9, 0, 0, 2018-11-30
620, "mfmozi"-"0", 48953, 95.1942069539992, 8, 105.240749824254, 9, 0, 0, 2018-07-18
621, "TomL85"-"0", 67257, 95.1405095970928, 2, 100, 9, 0, 0, 2018-11-24
622, "evilpandac-130"-"1", 55840, 95.1337534715476, 8, 100.107084373489, 10, 0, 0, 2018-09-03
623, "mrmola"-"0", 97928, 95.0129918941373, 7, 102.100469775479, 11, 0, 0, 2018-08-02
624, "shaun.thompson"-"0", 46661, 95.0124397595645, 33, 100, 11, 0, 0, 2018-08-11
625, "TommyR"-"0", 103378, 94.9518843408976, 1, 100, New Entry, New Entry, New Entry, 2018-12-16
626, "DylanD"-"0", 60074, 94.9446767298591, 6, 100, 11, 0, 0, 2018-10-09
627, "jrm115"-"0", 98713, 94.8510001229034, 6, 100, 11, 0, 0, 2018-07-04
628, "Mythologia"-"0", 102523, 94.8320519510738, 1, 100, New Entry, New Entry, New Entry, 2018-12-07
629, "marton350"-"0", 102191, 94.8221146714921, 1, 100, 10, 0, 0, 2018-10-28
630, "purrple94"-"0", 98954, 94.8160956465832, 9, 100, 1, 1, -0.322683051769843, 2018-12-29
631, "dontplaywithmysip-OHGOD"-"1", 94540, 94.7087662097603, 1, 100, New Entry, New Entry, New Entry, 2018-12-25
632, "memoss"-"0", 78583, 94.6968692486204, 20, 108.893466080103, 8, 0, 0, 2018-07-30
633, "Disco Stu"-"1", 102042, 94.6626838474881, 1, 100, 8, 0, 0, 2018-10-11
634, "Penguin_XX7"-"0", 83881, 94.621719452971, 26, 112.312581442848, 8, 0, 0, 2018-11-24
635, "DrCJG"-"0", 23090, 94.5376001142251, 10, 101.589616227045, 8, 0, 0, 2018-10-02
636, "resignedreamer"-"0", 77406, 94.5274316725133, 9, 107.094488837552, 9, 0, 0, 2018-10-02
637, "Chance"-"0", 93449, 94.4637580924188, 8, 100, 9, 0, 0, 2018-09-16
638, "Lion of Lannister"-"0", 99580, 94.4263637374784, 6, 100, 10, 0, 0, 2018-09-23
639, "RyanLuffingham"-"0", 78996, 94.3912907635416, 4, 100, 10, 0, 0, 2018-11-29
640, "The Scatterbrained Dictator"-"0", 78331, 94.3258164547997, 10, 100, 10, 0, 0, 2018-07-20
641, "Hydra07"-"0", 102092, 94.3246028337471, 2, 100, 10, 0, 0, 2018-11-16
642, "RBoyd"-"0", 101188, 94.3108898318894, 1, 100, 13, 0, 0, 2018-09-12
643, "wimmy"-"0", 94022, 94.2929540210726, 4, 100, -53, 1, -2.52329962324229, 2018-12-14
644, "markradar29"-"0", 84734, 94.2857142857143, 1, 100, 14, 0, 0, 2018-07-18
645, "NerzJongleur"-"0", 100165, 94.2857142857143, 1, 100, 14, 0, 0, 2018-07-24
646, "Snowflow"-"0", 100166, 94.2857142857143, 1, 100, 14, 0, 0, 2018-07-24
647, "H&ouml;tzendorf"-"0", 100167, 94.2857142857143, 1, 100, 14, 0, 0, 2018-07-24
648, "Diet&auml;nzelndeNatter"-"0", 100177, 94.2857142857143, 1, 100, 14, 0, 0, 2018-07-24
649, "EugenPrinz"-"0", 100182, 94.2857142857143, 1, 100, 14, 0, 0, 2018-07-24
650, "Arrow_501"-"0", 100429, 94.2857142857143, 1, 100, 14, 0, 0, 2018-08-19
651, "Terminus Est"-"0", 101063, 94.2857142857143, 1, 100, 14, 0, 0, 2018-09-23
652, "Defensive Indifference"-"0", 101070, 94.2857142857143, 1, 100, 14, 0, 0, 2018-09-23
653, "Boozahol Squid- P.I."-"0", 101072, 94.2857142857143, 1, 100, 14, 0, 0, 2018-09-23
654, "garygnu"-"0", 101183, 94.2857142857143, 1, 100, 14, 0, 0, 2018-09-23
655, "ThaAltruist"-"0", 101790, 94.2857142857143, 1, 100, New Entry, New Entry, New Entry, 2018-12-30
656, "Lokal"-"0", 101825, 94.2857142857143, 1, 100, 13, 0, 0, 2018-10-01
657, "jf"-"0", 102019, 94.2857142857143, 1, 100, 13, 0, 0, 2018-10-18
658, "Ard5116"-"0", 102025, 94.2857142857143, 1, 100, 13, 0, 0, 2018-10-18
659, "ItsAFakeAccount"-"0", 102029, 94.2857142857143, 1, 100, 13, 0, 0, 2018-10-18
660, "JuicyBacon"-"0", 102053, 94.2857142857143, 1, 100, 13, 0, 0, 2018-10-15
661, "Anarkai"-"0", 102056, 94.2857142857143, 1, 100, 13, 0, 0, 2018-10-15
662, "Diego"-"0", 102077, 94.2857142857143, 1, 100, 13, 0, 0, 2018-10-15
663, "atlantes"-"0", 102078, 94.2857142857143, 1, 100, 13, 0, 0, 2018-10-15
664, "elem"-"0", 20964, 94.2857142857143, 1, 100, New Entry, New Entry, New Entry, 2018-12-05
665, "Indefatigable"-"0", 100220, 94.2857142857143, 1, 100, 12, 0, 0, 2018-08-18
666, "ViscountPeterson"-"0", 102630, 94.2857142857143, 1, 100, New Entry, New Entry, New Entry, 2018-12-05
667, "Sludbunwalla"-"0", 103789, 94.2317141144214, 2, 100, New Entry, New Entry, New Entry, 2018-12-31
668, "pirol1207"-"0", 87134, 94.2087860765205, 1, 100, New Entry, New Entry, New Entry, 2018-12-24
669, "GenomZ"-"0", 87135, 94.2087860765205, 1, 100, New Entry, New Entry, New Entry, 2018-12-24
670, "Orria"-"0", 102849, 94.2087860765205, 1, 100, New Entry, New Entry, New Entry, 2018-12-24
671, "pecalke"-"1", 102934, 94.2087860765205, 1, 100, New Entry, New Entry, New Entry, 2018-12-24
672, "Zampa"-"0", 69493, 94.2021291206486, 5, 100.537229512725, 7, 0, 0, 2018-11-12
673, "CJVIP"-"0", 89419, 94.1763624662043, 1, 100, 7, 0, 0, 2018-11-29
674, "Quantitas"-"0", 90045, 94.1763624662043, 1, 100, 7, 0, 0, 2018-11-29
675, "tinman"-"0", 70879, 94.1656779268722, 1, 100, New Entry, New Entry, New Entry, 2018-12-06
676, "AloofGoof"-"0", 97046, 94.1539325124808, 5, 100, 6, 0, 0, 2018-10-10
677, "Pantalone"-"0", 10190, 94.1514273281085, 143, 129.346467839576, -41, 1, -0.854589598869225, 2018-12-21
678, "dmarkste"-"0", 95099, 94.1385795655909, 5, 100, 5, 0, 0, 2018-11-10
679, "LaMingChu"-"0", 101604, 94.1315946543296, 1, 100, 5, 0, 0, 2018-11-11
680, "rboldyn"-"0", 102417, 94.1315946543296, 1, 100, 5, 0, 0, 2018-11-11
681, "mhsmith0"-"0", 75803, 94.043680014068, 12, 104.38853825709, 5, 0, 0, 2018-10-16
682, "Da_Adi_J873"-"0", 83620, 94.0404481824461, 1, 100, 5, 0, 0, 2018-09-01
683, "Radja"-"0", 78329, 94.0345016644776, 1, 100, New Entry, New Entry, New Entry, 2018-12-12
684, "Flying Dominion"-"0", 100365, 94.0283184764292, 1, 100, 5, 0, 0, 2018-08-11
685, "Existent"-"0", 67166, 93.9822553413341, 6, 101.122760468278, Re-Entry, Re-Entry, Re-Entry, 2018-12-14
686, "Edward III"-"0", 102044, 93.9650310656705, 1, 100, 4, 0, 0, 2018-10-03
687, "smiranda"-"0", 83749, 93.9374788292414, 2, 100, 4, 0, 0, 2018-11-08
688, "Dema89"-"1", 102623, 93.8670591111337, 1, 100, 5, 0, 0, 2018-11-19
689, "PurpleMapping"-"0", 91301, 93.8339261503773, 4, 101.521228738792, 6, 0, 0, 2018-07-12
690, "noumenal"-"0", 97086, 93.8130001605157, 2, 100, 8, 0, 0, 2018-09-21
691, "Patburu"-"1", 78336, 93.7497126010785, 6, 101.199221077959, 8, 0, 0, 2018-11-30
692, "SHOWMAN99"-"1", 101767, 93.7141818438746, 5, 100, 8, 0, 0, 2018-11-16
693, "rick258"-"0", 91996, 93.5707901822406, 3, 100, 9, 0, 0, 2018-11-30
694, "Gold Leader"-"0", 98199, 93.5683906752201, 9, 100, 9, 0, 0, 2018-11-08
695, "TrumpyGoad"-"0", 86669, 93.4391827409404, 6, 100, 11, 0, 0, 2018-07-25
696, "MarshallShore"-"0", 35457, 93.420491629038, 2, 100, 11, 0, 0, 2018-07-23
697, "maxitaxi123"-"0", 80916, 93.4058756093946, 7, 100.300440087312, 11, 0, 0, 2018-10-30
698, "Jeans"-"0", 61793, 93.3469991815735, 20, 100.158503589792, 12, 0, 0, 2018-07-16
699, "Surfman"-"0", 87156, 93.2762522294293, 32, 100, 13, 0, 0, 2018-10-18
700, "Wingster76"-"0", 72392, 93.2528994496745, 10, 100, Re-Entry, Re-Entry, Re-Entry, 2018-12-31
701, "clover"-"0", 23970, 93.2353258122563, 13, 103.000942518443, -266, 2, -5.8666961046829, 2018-12-07
702, "Jonlad"-"0", 92685, 93.2107297616855, 7, 100, -5, 2, -0.604765947241134, 2018-12-24
703, "yavuzovic"-"0", 78840, 93.152710327868, 13, 100, 11, 0, 0, 2018-11-24
704, "Iman8989"-"0", 99077, 93.115527884351, 6, 100, 11, 0, 0, 2018-11-05
705, "thedipplayer"-"1", 97483, 93.0580134655393, 6, 100, 53, 1, 2.10638185337088, 2018-12-01
706, "DakkaDok"-"0", 86034, 93.0521024781073, 10, 100, 5, 1, -0.273154326488495, 2018-12-01
707, "Mother Land"-"0", 81800, 93.0310530537277, 8, 100.175904035489, 12, 0, 0, 2018-09-18
708, "glo2018"-"0", 79356, 92.991761186382, 21, 102.081533325701, 12, 0, 0, 2018-09-01
709, "orrie"-"0", 28960, 92.9387755102041, 2, 100, 13, 0, 0, 2018-09-03
710, "Pan-Seared Tilapia"-"0", 70958, 92.9387755102041, 2, 100, 13, 0, 0, 2018-09-18
711, "PRINCE WILLIAM"-"0", 88594, 92.9387755102041, 2, 100, 13, 0, 0, 2018-07-26
712, "dijonandme"-"0", 94916, 92.9387755102041, 2, 100, -245, 1, -5.63265306122449, 2018-12-20
713, "tinokek1"-"0", 100130, 92.9387755102041, 2, 100, 13, 0, 0, 2018-07-24
714, "RouteBarree"-"0", 100383, 92.9387755102041, 2, 100, 13, 0, 0, 2018-08-03
715, "Espequair"-"0", 102320, 92.9387755102041, 2, 100, New Entry, New Entry, New Entry, 2018-12-21
716, "CarlR"-"0", 92837, 92.9061990561052, 2, 100, 12, 0, 0, 2018-09-03
717, "em01"-"0", 98497, 92.8739669861238, 8, 100, 12, 0, 0, 2018-10-12
718, "Lockheed"-"0", 69143, 92.7792910058012, 3, 100, 13, 0, 0, 2018-11-12
719, "Garagenpunk"-"0", 76340, 92.7724642393287, 124, 100, 61, 1, 3.16014351296573, 2018-12-05
720, "charliebowties"-"0", 100120, 92.7668250265563, 2, 100, 12, 0, 0, 2018-07-09
721, "brainbomb"-"0", 41025, 92.6758344697137, 316, 128.436814714795, 13, 0, 0, 2018-09-20
722, "hewwo gamers"-"0", 101144, 92.6627112916929, 3, 100, 13, 0, 0, 2018-11-28
723, "TacoTuesday2001"-"0", 102615, 92.5919231827726, 2, 100, New Entry, New Entry, New Entry, 2018-12-18
724, "GeneralGratton"-"0", 100415, 92.5909891699876, 3, 100, -198, 1, -5.62839858511443, 2018-12-06
725, "insectt"-"0", 101420, 92.487204981777, 12, 100, 123, 2, 11.6946287861361, 2018-12-30
726, "Nodnyl"-"0", 50312, 92.3519302644088, 12, 100.157432712434, 12, 0, 0, 2018-08-26
727, "Verseven"-"0", 87094, 92.2979757288197, 22, 100.80472695102, -26, 1, -1.33765182215681, 2018-12-20
728, "FideiDefensor"-"0", 100129, 92.28933307985, 6, 100, 11, 0, 0, 2018-09-11
729, "eliwhitney"-"0", 14253, 92.2005519098398, 381, 144.809877710651, -292, 6, -6.85303708372017, 2018-12-30
730, "Johnny Big Horse"-"0", 68365, 91.8955534899363, 16, 104.219161881533, 11, 0, 0, 2018-11-17
731, "knikpiw"-"0", 101047, 91.7825941422465, 3, 100, -15, 1, -1.33018252380067, 2018-12-14
732, "ianriley027"-"0", 90280, 91.7371392863437, 7, 100, 10, 0, 0, 2018-08-21
733, "wkisco"-"0", 98371, 91.6132192858899, 3, 100, 11, 0, 0, 2018-09-02
734, "Ardith"-"0", 93864, 91.6110787172012, 3, 100, 11, 0, 0, 2018-08-19
735, "joao"-"0", 2769, 91.5016941026485, 10, 100, 11, 0, 0, 2018-09-27
736, "waitwhosthatguy"-"0", 87168, 91.4812444148432, 3, 100, 11, 0, 0, 2018-11-18
737, "zsspanther"-"0", 60387, 91.4629707608189, 23, 102.229981745162, 11, 0, 0, 2018-07-23
738, "bones41"-"0", 70814, 91.4506019196946, 12, 101.855504339135, 11, 0, 0, 2018-07-27
739, "Mr. Green"-"0", 51043, 91.4387869480452, 17, 100, 35, 1, 1.48946173477418, 2018-12-03
740, "Hazcam950"-"0", 76917, 91.3948982657199, 12, 108.176049011944, -147, 1, -5.35692343444168, 2018-12-06
741, "squaretriangle"-"0", 43476, 91.3755031381553, 11, 100, 9, 0, 0, 2018-10-05
742, "tamikaisgoingon"-"0", 100358, 91.3726002133362, 4, 100, 9, 0, 0, 2018-08-23
743, "FlaviusAetius"-"0", 98845, 91.3418387415412, 8, 100, 10, 0, 0, 2018-09-01
744, "Varme"-"0", 101960, 91.31428296655, 6, 100, -8, 3, -1.07538641742723, 2018-12-28
745, "dargorygel"-"0", 49352, 91.2786903422541, 15, 100, 9, 0, 0, 2018-09-18
746, "FerretMan"-"0", 96900, 91.1133016844303, 12, 100.478116352112, 9, 0, 0, 2018-08-14
747, "po"-"0", 66018, 91.1018969138334, 5, 100, 9, 0, 0, 2018-10-28
748, "Deinodon"-"0", 69890, 90.9935035229451, 11, 100, 9, 0, 0, 2018-10-03
749, "sj880226"-"0", 75171, 90.8697238092942, 49, 111.781866014496, Re-Entry, Re-Entry, Re-Entry, 2018-12-28
750, "Presbyter7787"-"0", 85073, 90.7952725056529, 12, 100, -45, 2, -2.65081765979536, 2018-12-26
751, "CBMet"-"0", 77792, 90.7712606345029, 13, 100, 10, 0, 0, 2018-07-12
752, "Kench"-"0", 85045, 90.7359419705504, 20, 100.907236041581, 10, 0, 0, 2018-10-16
753, "T Swizzle"-"0", 92322, 90.6324473441631, 4, 100, -36, 2, -2.44611057887015, 2018-12-26
754, "taylornottyler"-"0", 22450, 90.6248002187941, 55, 108.390917488301, 9, 0, 0, 2018-10-16
755, "NTN"-"0", 85541, 90.4913858087316, 9, 100, 9, 0, 0, 2018-08-21
756, "Power Behind The Throne"-"0", 100451, 90.4283966611469, 9, 100, 3, 2, -0.51097716857312, 2018-12-24
757, "Player5"-"0", 94702, 90.4185118759919, 7, 100, 9, 0, 0, 2018-09-19
758, "JackShaftoe"-"0", 99532, 90.3992699377422, 14, 102.236913707763, 9, 0, 0, 2018-08-16
759, "mikolaj420"-"0", 73534, 90.3796778614112, 10, 100, 9, 0, 0, 2018-09-19
760, "Horatius42"-"0", 101107, 90.2619552671304, 5, 100, -72, 3, -3.77765633547486, 2018-12-28
761, "Sultan of spin"-"0", 69547, 90.1194974615375, 8, 100.556888513505, Re-Entry, Re-Entry, Re-Entry, 2018-12-25
762, "WeirdGuyInTheCorner"-"0", 98008, 90.0955886192919, 8, 100, 7, 0, 0, 2018-10-20
763, "yeldarb"-"0", 44008, 90.0572641922862, 28, 100, 8, 0, 0, 2018-08-03
764, "MamaLama"-"0", 84039, 90.0239344892662, 19, 100, 8, 0, 0, 2018-09-01
765, "The Watcher on the Walls"-"0", 51528, 89.9421356530089, 17, 100, 10, 0, 0, 2018-11-22
766, "RoganJosh"-"0", 54642, 89.8007465520695, 75, 112.183330982724, -14, 3, -1.56337930651419, 2018-12-27
767, "CCR"-"0", 85914, 89.7780565074548, 18, 100, 10, 0, 0, 2018-09-23
768, "ItsHosuke"-"0", 90237, 89.7728792231084, 13, 100, 10, 0, 0, 2018-11-12
769, "RRushtn"-"0", 91990, 89.5926859923207, 7, 100, 7, 1, -0.321120738323728, 2018-12-03
770, "DaddyO"-"0", 54674, 89.498914063839, 37, 105.645926149103, -10, 1, -1.29708571107012, 2018-12-20
771, "MattMan243"-"0", 98270, 89.4901503887385, 7, 100, 10, 0, 0, 2018-07-13
772, "TomTomTheGreat"-"0", 90079, 89.396353169625, 2, 100, 10, 0, 0, 2018-10-31
773, "Lord Wolf"-"0", 91669, 89.3808379252889, 31, 105.565998019081, Re-Entry, Re-Entry, Re-Entry, 2018-12-26
774, "masopias"-"0", 69117, 89.3587739002705, 35, 100, -1, 1, -0.637794697497469, 2018-12-28
775, "Miguel1612"-"0", 67676, 89.327145839337, 5, 100, 9, 0, 0, 2018-10-25
776, "irelandball"-"0", 85172, 89.2330444118749, 22, 100.695915519058, 10, 0, 0, 2018-07-26
777, "Hamilton Brian"-"0", 18879, 89.1867407579333, 103, 100.02208065576, 10, 0, 0, 2018-11-24
778, "fritsie"-"0", 98021, 89.126818849192, 8, 100, 10, 0, 0, 2018-10-15
779, "jimifitt"-"0", 101120, 89.0508859725768, 13, 100.689578573305, 4, 1, -0.319178802769088, 2018-12-12
780, "worcej"-"0", 93680, 88.947895088685, 15, 101.905789406105, 9, 0, 0, 2018-11-20
781, "Baskineli"-"0", 27408, 88.9235092016772, 10, 100.837652466438, 9, 2, 0.093575870924937, 2018-12-30
782, "parkerwarker"-"0", 78535, 88.6940480672554, 10, 100, 10, 0, 0, 2018-09-23
783, "Farenheit"-"1", 85461, 88.595683254941, 12, 100, 11, 0, 0, 2018-11-13
784, "Arcees"-"0", 96907, 88.352952981545, 7, 100, 9, 1, -0.316677250829912, 2018-12-03
785, "yellowfin"-"0", 98625, 88.2188787328078, 23, 100, 11, 3, -0.0749259045483512, 2018-12-29
786, "CWest22"-"0", 79782, 88.1564243655048, 12, 100, 11, 0, 0, 2018-07-31
787, "Unsullied"-"0", 49284, 88.1311702425376, 19, 102.96863362061, 11, 0, 0, 2018-07-26
788, "Clarinet + Clarinet"-"0", 78646, 88.1308326987653, 16, 100.798558370919, 11, 0, 0, 2018-08-21
789, "damo666"-"0", 79906, 88.1248155178103, 55, 100, 77, 3, 14.9299039414272, 2018-12-19
790, "j0nsn0w"-"1", 90037, 88.0275654891087, 14, 100, 11, 0, 0, 2018-10-25
791, "Autobahn Bisquick"-"0", 82258, 87.9977840667635, 20, 100, 11, 0, 0, 2018-07-23
792, "mokkacreme"-"0", 92870, 87.845440188856, 26, 100, 3, 2, -0.592692799152331, 2018-12-29
793, "Carpysmind"-"0", 8431, 87.8328080424057, 5, 100, -80, 1, -5.32320048741853, 2018-12-05
794, "DRFrazier99"-"1", 85815, 87.7349912529952, 8, 100, 6, 1, -0.314462334240133, 2018-12-03
795, "SchmidtGit"-"0", 102085, 87.6843428003658, 3, 100, 9, 0, 0, 2018-10-31
796, "ggy"-"0", 58977, 87.6502906482243, 40, 100, Re-Entry, Re-Entry, Re-Entry, 2018-12-12
797, "WolfsBane626"-"0", 81562, 87.4509849241552, 44, 100, 8, 0, 0, 2018-09-18
798, "Telamor"-"0", 96555, 87.2924395059745, 4, 100, 8, 0, 0, 2018-11-19
799, "Captain Hook"-"0", 81383, 87.2514087813189, 13, 105.448056179612, 8, 0, 0, 2018-11-29
800, "flokde"-"0", 97542, 87.2063255230975, 9, 100, 8, 0, 0, 2018-10-20
801, "COldmeldrum Blimp"-"0", 100867, 86.9319864733778, 4, 100, 8, 0, 0, 2018-10-11
802, "squidgeny"-"0", 79891, 86.5349278079673, 4, 100, 10, 0, 0, 2018-09-01
803, "celaph"-"0", 83898, 86.5237929270948, 11, 100, 10, 0, 0, 2018-08-31
804, "NoMatter"-"0", 80558, 86.2464574259227, 41, 100, 47, 3, 7.12443777640524, 2018-12-25
805, "daking"-"0", 96364, 86.1096422189424, 13, 100, 10, 0, 0, 2018-09-18
806, "Orbitaloi"-"0", 90811, 86.0989843739858, 6, 100, -208, 2, -10.5297045747261, 2018-12-12
807, "Incrementalist"-"0", 96469, 86.0446008688727, 22, 101.035684834907, 10, 0, 0, 2018-07-06
808, "TempusNovus"-"1", 76173, 85.5878693055535, 10, 100, 10, 0, 0, 2018-10-28
809, "GioLeo"-"0", 68042, 85.5349589882173, 22, 102.680286623327, 11, 0, 0, 2018-09-29
810, "SOFTWARE"-"0", 33954, 85.4569303723616, 10, 100, 11, 0, 0, 2018-07-18
811, "Footvols"-"0", 60835, 85.4529045503999, 6, 100, -1, 1, -1.23844789203478, 2018-12-23
812, "ZergSlayer"-"0", 85957, 85.4404830656275, 11, 100, -1, 1, -1.23826787051634, 2018-12-21
813, "BohemianRapCity"-"0", 80939, 85.2868404243344, 58, 106.080546884603, 9, 0, 0, 2018-11-06
814, "jupiter"-"0", 48800, 85.2593048845117, 23, 100, 9, 0, 0, 2018-08-21
815, "JRoz"-"0", 99464, 85.2295162345323, 6, 100, 9, 0, 0, 2018-11-15
816, "Grand Admiral"-"0", 80897, 85.2085744156741, 11, 100, 9, 0, 0, 2018-11-23
817, "J Longstreet"-"0", 72169, 85.0379807790009, 152, 100, -47, 4, -5.03794542723463, 2018-12-26
818, "dr.Ralph"-"0", 101838, 84.7665827142924, 7, 100, 8, 1, -0.303822877112154, 2018-12-03
819, "Ricky456"-"0", 86695, 84.7194873388772, 4, 100, Re-Entry, Re-Entry, Re-Entry, 2018-12-24
820, "nesdunk14"-"0", 57654, 84.6990681095444, 21, 100, 8, 0, 0, 2018-10-15
821, "Nyghthype"-"0", 81656, 84.4373990243381, 45, 100, -7, 2, -2.07745141505207, 2018-12-26
822, "Drakon"-"0", 49603, 84.3903725778494, 31, 104.058289892123, -6, 3, -1.70789632513677, 2018-12-29
823, "Tehepiccat"-"0", 92976, 84.3298711629892, 8, 100, -4, 1, -1.22217204584042, 2018-12-01
824, "Firefly54"-"1", 68176, 84.2128364399747, 10, 100, 7, 0, 0, 2018-10-25
825, "48v4stepansk"-"0", 12935, 84.19362091644, 24, 100, 7, 0, 0, 2018-07-14
826, "ericthefin1"-"0", 98189, 84.0303129761765, 14, 100, 7, 0, 0, 2018-11-18
827, "JimmyYee"-"0", 100772, 84.0026411247867, 9, 100, 3, 1, -0.253081164118086, 2018-12-29
828, "stevenroose"-"0", 98678, 83.9715552192478, 11, 100, 6, 0, 0, 2018-10-13
829, "Nwsoldner"-"0", 96702, 83.6576792681428, 12, 100, 6, 0, 0, 2018-11-04
830, "LeSonle"-"0", 100658, 83.5765375986321, 8, 100, -3, 1, -1.21125416809612, 2018-12-22
831, "catacombs"-"1", 100690, 83.4914949328577, 4, 100, 5, 0, 0, 2018-10-17
832, "badivan1"-"0", 90932, 83.2040907150607, 21, 100, 5, 0, 0, 2018-09-30
833, "ChippeRock"-"0", 71273, 83.1605564749726, 52, 100, 5, 0, 0, 2018-11-01
834, "Mrsasquatch"-"0", 100227, 82.9300934258696, 22, 100, 12, 7, 1.8263674178655, 2018-12-16
835, "cb6000"-"0", 69206, 82.8235263493142, 188, 111.835235208193, 4, 0, 0, 2018-11-17
836, "EmmaGoldman"-"0", 65829, 82.5561715839139, 6, 100, 4, 0, 0, 2018-08-11
837, "SpaceDip"-"0", 71674, 82.2705746655026, 99, 113.092869359588, 4, 0, 0, 2018-10-15
838, "Zach0805"-"0", 64236, 82.1092033836042, 22, 100, 4, 0, 0, 2018-08-17
839, "rondo"-"0", 75130, 82.0844584494106, 58, 109.57614268717, 4, 0, 0, 2018-10-20
840, "Namejeff"-"1", 85117, 81.9106480405524, 23, 100, 4, 0, 0, 2018-07-25
841, "thdfrance "-"0", 49717, 81.1316282314928, 12, 100, -145, 4, -12.6950227971413, 2018-12-30
842, "chiselmaster"-"0", 91940, 80.7086351426575, 16, 100, 3, 1, -1.16969036438634, 2018-12-26
843, "Every1$_a_critic"-"0", 86281, 80.5422861357816, 6, 100, 6, 0, 0, 2018-09-01
844, "Commander Thomas "-"0", 5497, 79.9583081905048, 34, 109.274257325425, 3, 1, -0.914794173526204, 2018-12-28
845, "SpinDoctor"-"0", 67774, 78.7842407139342, 11, 101.942945728497, 7, 0, 0, 2018-08-21
846, "Frank9"-"0", 80179, 78.6947128843962, 29, 100, 8, 4, 0.468672003264643, 2018-12-29
847, "Flashy"-"0", 66193, 78.634002426242, 45, 100, 6, 0, 0, 2018-09-16
848, "tennis"-"0", 84305, 78.4759887493868, 45, 100, 2, 1, -1.13733317028097, 2018-12-20
849, "WiseJazzer"-"0", 80111, 77.9559975868177, 27, 101.853659286381, 18, 1, 5.73664927025446, 2018-12-20
850, "bdublicious"-"0", 83207, 77.47052436946, 7, 100.244000544043, Re-Entry, Re-Entry, Re-Entry, 2018-12-20
851, "pjmansfield99"-"0", 20635, 77.4066427837584, 365, 125.183459868805, 4, 0, 0, 2018-09-19
852, "SamWest"-"0", 25318, 77.314670555716, 51, 108.664977928369, 4, 0, 0, 2018-07-09
853, "Gocki"-"0", 76654, 76.4290991805491, 21, 100, 7, 0, 0, 2018-09-07
854, "esther"-"0", 65192, 76.19617744307, 34, 101.260928156467, 5, 1, -0.273104578648997, 2018-12-05
855, "Arun2642"-"0", 83925, 76.0791545867746, 25, 101.038199838071, 3, 2, -0.546347649876111, 2018-12-05
856, "kbchitown"-"0", 85849, 75.9211788875772, 37, 100, 1, 1, -1.10030694039968, 2018-12-20
857, "Sufi"-"0", 72870, 75.8585148354939, 32, 126.485667793459, 4, 0, 0, 2018-10-06
858, "Heywood Jablowme"-"0", 90330, 74.2200516464239, 19, 100, 5, 0, 0, 2018-11-12
859, "Jamiet99uk"-"0", 13875, 74.0365573112505, 52, 100.989318091135, 5, 0, 0, 2018-08-28
860, "WyattS14"-"0", 78893, 73.9693179514183, 43, 100.393992168129, 5, 0, 0, 2018-10-10
861, "fgrip"-"0", 81285, 73.3557516189724, 14, 100, 15, 3, 8.46928360448202, 2018-12-30
862, "justin greenman"-"0", 62595, 72.7490665154052, 27, 100, 0, 1, -2.93230705995566, 2018-12-06
863, "Jefe"-"0", 3348, 71.4740669819677, 395, 121.552450180233, 9, 2, 1.99309130987459, 2018-12-26
864, "Wiza Mastermind"-"1", 81470, 71.0051878523589, 31, 100, 5, 0, 0, 2018-07-26
865, "eaterofcake"-"0", 101091, 69.4495686893449, 11, 100, 8, 0, 0, 2018-11-04
866, "Mannerbroheim"-"0", 39162, 65.5771524697586, 205, 100.237829685785, 8, 2, -1.91456084715321, 2018-12-14
867, "Leon Slath"-"0", 87368, 65.2988212152388, 32, 100, 8, 0, 0, 2018-10-11
868, "RadioactiveMan"-"0", 27533, 64.0457512561938, 29, 100, 9, 0, 0, 2018-10-18
869, "BlueRurik"-"0", 101101, 60.6430713161061, 19, 100, 2, 5, -8.96710180353208, 2018-12-30
870, "Jowe"-"0", 37389, 55.7759367369865, 78, 100, Re-Entry, Re-Entry, Re-Entry, 2018-12-05
